
INSERT INTO `user`(`id`, `user_id`, `password`, `user_role`, `name`, `email`, `created`, `active`) VALUES (2, 'ahsturm1', '', 'user', 'Marc Sturm', '', '2016-07-05', 1);

INSERT INTO `device` (`id`, `type`, `name`) VALUES (1, 'MiSeq', 'Neo');

INSERT INTO `sender` (`id`, `name`) VALUES (1, 'Coriell');

INSERT INTO `project` (`id`, `name`, `type`, `internal_coordinator_id`, `analysis`) VALUES (1, 'KontrollDNACoriell', 'test', 1, 'annotation');

INSERT INTO `sequencing_run` (`id`, `name`, `fcid`, `device_id`, `recipe`, `status`) VALUES (1, '#00372', 'AB2J9', 1, '158+8+158', 'analysis_finished');

INSERT INTO `sample` (`id`, `name`, `sample_type`, `species_id`, `gender`, `quality`, `tumor`, `ffpe`, `sender_id`) VALUES (1, 'NA12878', 'DNA', 1, 'female', 'good', 0 ,0, 1);

INSERT INTO `processing_system` (`id`, `name_short`, `name_manufacturer`, `adapter1_p5`, `adapter2_p7`, `type`, `shotgun`, `target_file`, `genome_id`) VALUES (1, 'hpHBOCv5', 'HaloPlex HBOC v5', 'AGATCGGAAGAGCACACGTCTGAACTCCAGTCAC ', 'AGATCGGAAGAGCGTCGTGTAGGGAAAGAGTGT', 'Panel HaloPlex', 0, '/mnt/share/data/enrichment/hpHBOCv5_2014_10_27.bed', 1);

INSERT INTO `processed_sample`(`id`, `sample_id`, `process_id`, `sequencing_run_id`, `lane`, `processing_system_id`, `project_id`) VALUES (3999, 1, 3, 1, '1', 1, 1);

INSERT INTO `gene`(`id`, `hgnc_id`, `symbol`, `name`, `chromosome`, `type`) VALUES (1,1001,'BRCA1','Breast cancer associated gene 1', '17', 'protein-coding gene');
INSERT INTO `gene`(`id`, `hgnc_id`, `symbol`, `name`, `chromosome`, `type`) VALUES (2,1002,'BRCA2','Breast cancer associated gene 2', '13', 'protein-coding gene');
INSERT INTO `gene`(`id`, `hgnc_id`, `symbol`, `name`, `chromosome`, `type`) VALUES (3,1003, 'NIPA1', 'non imprinted in Prader-Willi/Angelman syndrome 1', '15', 'protein-coding gene');

INSERT INTO `gene_transcript`(`id`, `gene_id`, `name`, `source`, `start_coding`, `end_coding`, `strand`) VALUES (1, 1,'BRCA1_TR1','ccds',100,200,'+');
INSERT INTO `gene_transcript`(`id`, `gene_id`, `name`, `source`, `start_coding`, `end_coding`, `strand`) VALUES (2, 2,'BRCA2_TR1','ccds',100,200,'+');
INSERT INTO `gene_transcript`(`id`, `gene_id`, `name`, `source`, `start_coding`, `end_coding`, `strand`) VALUES (3, 3,'NIPA1_TR1','ucsc',100,400,'+');

INSERT INTO `gene_exon`(`transcript_id`, `start`, `end`) VALUES (1, 100, 110);
INSERT INTO `gene_exon`(`transcript_id`, `start`, `end`) VALUES (1, 120, 130);
INSERT INTO `gene_exon`(`transcript_id`, `start`, `end`) VALUES (1, 160, 170);
INSERT INTO `gene_exon`(`transcript_id`, `start`, `end`) VALUES (1, 190, 200);
INSERT INTO `gene_exon`(`transcript_id`, `start`, `end`) VALUES (2, 100, 120);
INSERT INTO `gene_exon`(`transcript_id`, `start`, `end`) VALUES (2, 180, 200);
INSERT INTO `gene_exon`(`transcript_id`, `start`, `end`) VALUES (3, 100, 200);
INSERT INTO `gene_exon`(`transcript_id`, `start`, `end`) VALUES (3, 300, 400);

INSERT INTO `variant` (`id`, `chr`, `start`, `end`, `ref`, `obs`, `dbsnp`, `1000g`, `exac`, `kaviar`, `gene`, `variant_type`, `coding`, `genome_id`) VALUES
(6, 'chr10', 43613843, 43613843, 'G', 'T', 'rs1800861', 0.7125, 0.742, 0.7653, 'RET', 'synonymous', 'RET:NM_020975.4:synonymous:LOW:exon13/20:c.2307G>T:p.Leu769Leu,RET:NM_020630.4:synonymous:LOW:exon13/19:c.2307G>T:p.Leu769Leu', 1),
(405, 'chr17', 7579472, 7579472, 'G', 'C', 'rs1042522', 0.5429, 0.659, 0.7452, 'TP53', 'missense,upstream_gene', 'TP53:NM_000546.5:missense:MODERATE:exon4/11:c.215C>G:p.Pro72Arg,TP53:NM_001126112.2:missense:MODERATE:exon4/11:c.215C>G:p.Pro72Arg,TP53:NM_001126113.2:missense:MODERATE:exon4/12:c.215C>G:p.Pro72Arg,TP53:NM_001126114.2:missense:MODERATE:exon4/12:c.215C>G:p.Pro72Arg,TP53:NM_001126118.1:missense:MODERATE:exon3/10:c.98C>G:p.Pro33Arg,TP53:NM_001276695.1:missense:MODERATE:exon4/12:c.98C>G:p.Pro33Arg,TP53:NM_001276696.1:missense:MODERATE:exon4/12:c.98C>G:p.Pro33Arg,TP53:NM_001276760.1:missense:MODERATE:exon4/11:c.98C>G:p.Pro33Arg,TP53:NM_001276761.1:missense:MODERATE:exon4/11:c.98C>G:p.Pro33Arg,TP53:NM_001126115.1:upstream_gene:MODIFIER::c.-939C>G:,TP53:NM_001126116.1:upstream_gene:MODIFIER::c.-939C>G:,TP53:NM_001126117.1:upstream_gene:MODIFIER::c.-939C>G:,TP53:NM_001276697.1:upstream_gene:MODIFIER::c.-1020C>G:,TP53:NM_001276698.1:upstream_gene:MODIFIER::c.-1020C>G:,TP53:NM_001276699.1:upstream_gene:MODIFIER::c.-1020C>G:', 1),
(447, 'chr5', 112175770, 112175770, 'G', 'A', 'rs41115', 0.6655, 0.648, 0.6167, 'APC', 'synonymous', 'APC:NM_000038.5:synonymous:LOW:exon16/16:c.4479G>A:p.Thr1493Thr,APC:NM_001127511.2:synonymous:LOW:exon14/14:c.4425G>A:p.Thr1475Thr,APC:NM_001127510.2:synonymous:LOW:exon17/17:c.4479G>A:p.Thr1493Thr', 1),
(199842, 'chr1', 62713224, 62713224, 'C', 'G', 'rs2941679', 0.9862, 0.974, 0.9598, 'KANK4', 'missense', 'KANK4:NM_181712.4:missense:MODERATE:exon9/10:c.2803G>C:p.Val935Leu', 1),
(199843, 'chr1', 62728784, 62728784, 'A', 'G', 'rs2666472', 0.7159, 0.74, 0.7338, 'KANK4', 'missense', 'KANK4:NM_181712.4:missense:MODERATE:exon7/10:c.2519T>C:p.Val840Ala', 1),
(199844, 'chr1', 62728838, 62728838, 'T', 'C', 'rs2258470', 0.7163, 0.741, 0.734, 'KANK4', 'missense', 'KANK4:NM_181712.4:missense:MODERATE:exon7/10:c.2465A>G:p.His822Arg', 1),
(199845, 'chr1', 62728861, 62728861, 'T', 'C', 'rs2260581', 0.7163, 0.741, 0.7338, 'KANK4', 'synonymous', 'KANK4:NM_181712.4:synonymous:LOW:exon7/10:c.2442A>G:p.Lys814Lys', 1),
(199846, 'chr1', 62728918, 62728918, 'G', 'A', 'rs2262110', 0.7161, 0.742, 0.7338, 'KANK4', 'synonymous', 'KANK4:NM_181712.4:synonymous:LOW:exon7/10:c.2385C>T:p.Pro795Pro', 1),
(200567, 'chr1', 120458004, 120458004, 'A', 'T', 'rs6685892', 0.1925, 0.129, 0.1038, 'NOTCH2', 'synonymous', 'NOTCH2:NM_024408.3:synonymous:LOW:exon34/34:c.7341T>A:p.Gly2447Gly', 1),
(200575, 'chr1', 120611964, 120611964, 'G', 'C', 'rs11810554', 0, 0.406, 0, 'NOTCH2', 'missense', 'NOTCH2:NM_024408.3:missense:MODERATE:exon1/34:c.57C>G:p.Cys19Trp,NOTCH2:NM_001200001.1:missense:MODERATE:exon1/22:c.57C>G:p.Cys19Trp', 1),
(203397, 'chr10', 43595968, 43595968, 'A', 'G', 'rs1800858', 0.7536, 0.736, 0.7394, 'RET', 'synonymous', 'RET:NM_020975.4:synonymous:LOW:exon2/20:c.135A>G:p.Ala45Ala,RET:NM_020630.4:synonymous:LOW:exon2/19:c.135A>G:p.Ala45Ala', 1),
(204170, 'chr10', 104264107, 104264107, 'C', 'T', 'rs2274351', 0.3962, 0.477, 0.56, 'SUFU,ACTR1A', 'splice_region&intron,upstream_gene', 'SUFU:NM_016169.3:splice_region&intron:LOW:exon1/11:c.182+16C>T:,SUFU:NM_001178133.1:splice_region&intron:LOW:exon1/10:c.182+16C>T:,ACTR1A:NM_005736.3:upstream_gene:MODIFIER::c.-1703G>A:', 1),
(204172, 'chr10', 104387019, 104387019, 'T', 'C', 'rs12414407', 0.7196, 0.663, 0.6521, 'SUFU', 'splice_region&intron', 'SUFU:NM_016169.3:splice_region&intron:LOW:exon11/11:c.1365+19T>C:', 1),
(204173, 'chr10', 104389932, 104389932, 'T', 'G', 'rs4917980', 0.9974, 0.999, 1, 'SUFU', '3''UTR', 'SUFU:NM_016169.3:3''UTR:MODIFIER:exon12/12:c.*20T>G:', 1),
(206534, 'chr11', 64572018, 64572018, 'T', 'C', 'rs2959656', 0.8345, 0.938, 0.9959, 'MEN1,MAP4K2', 'missense,upstream_gene', 'MEN1:NM_000244.3:missense:MODERATE:exon10/10:c.1636A>G:p.Thr546Ala,MEN1:NM_130800.2:missense:MODERATE:exon10/10:c.1636A>G:p.Thr546Ala,MEN1:NM_130801.2:missense:MODERATE:exon10/10:c.1636A>G:p.Thr546Ala,MEN1:NM_130799.2:missense:MODERATE:exon10/10:c.1621A>G:p.Thr541Ala,MEN1:NM_130802.2:missense:MODERATE:exon10/10:c.1636A>G:p.Thr546Ala,MEN1:NM_130803.2:missense:MODERATE:exon10/10:c.1636A>G:p.Thr546Ala,MEN1:NM_130804.2:missense:MODERATE:exon11/11:c.1636A>G:p.Thr546Ala,MAP4K2:NM_004579.4:upstream_gene:MODIFIER::c.-1397A>G:,MAP4K2:NM_001307990.1:upstream_gene:MODIFIER::c.-1397A>G:', 1),
(206535, 'chr11', 64572557, 64572557, 'A', 'G', 'rs540012', 0.976, 0.993, 0.9997, 'MEN1,MAP4K2', 'synonymous,upstream_gene', 'MEN1:NM_000244.3:synonymous:LOW:exon9/10:c.1314T>C:p.His438His,MEN1:NM_130800.2:synonymous:LOW:exon9/10:c.1314T>C:p.His438His,MEN1:NM_130801.2:synonymous:LOW:exon9/10:c.1314T>C:p.His438His,MEN1:NM_130799.2:synonymous:LOW:exon9/10:c.1299T>C:p.His433His,MEN1:NM_130802.2:synonymous:LOW:exon9/10:c.1314T>C:p.His438His,MEN1:NM_130803.2:synonymous:LOW:exon9/10:c.1314T>C:p.His438His,MEN1:NM_130804.2:synonymous:LOW:exon10/11:c.1314T>C:p.His438His,MAP4K2:NM_004579.4:upstream_gene:MODIFIER::c.-1936T>C:,MAP4K2:NM_001307990.1:upstream_gene:MODIFIER::c.-1936T>C:', 1),
(207343, 'chr11', 108175462, 108175462, 'G', 'A', 'rs1801516', 0.0669, 0.11, 0.1402, 'ATM', 'missense', 'ATM:NM_000051.3:missense:MODERATE:exon37/63:c.5557G>A:p.Asp1853Asn', 1),
(207345, 'chr11', 108183167, 108183167, 'A', 'G', 'rs659243', 1, 1, 0, 'ATM', 'missense', 'ATM:NM_000051.3:missense:MODERATE:exon40/63:c.5948A>G:p.Asn1983Ser', 1),
(207750, 'chr11', 125525195, 125525195, 'A', 'G', 'rs506504', 0.9858, 0.973, 0.9637, 'CHEK1', 'missense,non_coding_exon', 'CHEK1:NM_001114121.2:missense:MODERATE:exon13/14:c.1411A>G:p.Ile471Val,CHEK1:NM_001114122.2:missense:MODERATE:exon13/13:c.1411A>G:p.Ile471Val,CHEK1:NM_001244846.1:missense:MODERATE:exon12/12:c.1309A>G:p.Ile437Val,CHEK1:NM_001274.5:missense:MODERATE:exon13/13:c.1411A>G:p.Ile471Val,CHEK1:NR_045204.1:non_coding_exon:MODIFIER:exon12/12:n.2084A>G:,CHEK1:NR_045205.1:non_coding_exon:MODIFIER:exon13/13:n.1845A>G:', 1),
(210578, 'chr13', 32911888, 32911888, 'A', 'G', 'rs1801406', 0.2668, 0.293, 0.3074, 'BRCA2', 'synonymous', 'BRCA2:NM_000059.3:synonymous:LOW:exon11/27:c.3396A>G:p.Lys1132Lys', 1),
(210580, 'chr13', 32913055, 32913055, 'A', 'G', 'rs206075', 0.974, 0.993, 0.9994, 'BRCA2', 'synonymous', 'BRCA2:NM_000059.3:synonymous:LOW:exon11/27:c.4563A>G:p.Leu1521Leu', 1),
(210582, 'chr13', 32915005, 32915005, 'G', 'C', 'rs206076', 0.9736, 0.993, 0.9994, 'BRCA2', 'synonymous', 'BRCA2:NM_000059.3:synonymous:LOW:exon11/27:c.6513G>C:p.Val2171Val', 1),
(210584, 'chr13', 32929232, 32929232, 'A', 'G', 'rs1799955', 0.2326, 0.224, 0.2133, 'BRCA2', 'synonymous', 'BRCA2:NM_000059.3:synonymous:LOW:exon14/27:c.7242A>G:p.Ser2414Ser', 1),
(210585, 'chr13', 32929387, 32929387, 'T', 'C', 'rs169547', 0.9758, 0.994, 0.9994, 'BRCA2', 'missense', 'BRCA2:NM_000059.3:missense:MODERATE:exon14/27:c.7397T>C:p.Val2466Ala', 1),
(213346, 'chr15', 43707808, 43707808, 'A', 'T', 'rs2230451', 0.1286, 0.163, 0.19, 'TP53BP1', 'synonymous', 'TP53BP1:NM_001141980.1:synonymous:LOW:exon23/28:c.5073T>A:p.Ser1691Ser,TP53BP1:NM_001141979.1:synonymous:LOW:exon23/28:c.5073T>A:p.Ser1691Ser,TP53BP1:NM_005657.2:synonymous:LOW:exon23/28:c.5058T>A:p.Ser1686Ser', 1),
(213347, 'chr15', 43724646, 43724646, 'T', 'G', 'rs2602141', 0.5264, 0.375, 0.3036, 'TP53BP1', 'missense', 'TP53BP1:NM_001141980.1:missense:MODERATE:exon17/28:c.3421A>C:p.Lys1141Gln,TP53BP1:NM_001141979.1:missense:MODERATE:exon17/28:c.3421A>C:p.Lys1141Gln,TP53BP1:NM_005657.2:missense:MODERATE:exon17/28:c.3406A>C:p.Lys1136Gln', 1),
(213349, 'chr15', 43748304, 43748304, 'A', 'G', 'rs690367', 0.5262, 0.374, 0.3032, 'TP53BP1', 'synonymous', 'TP53BP1:NM_001141980.1:synonymous:LOW:exon12/28:c.2502T>C:p.Asp834Asp,TP53BP1:NM_001141979.1:synonymous:LOW:exon12/28:c.2502T>C:p.Asp834Asp,TP53BP1:NM_005657.2:synonymous:LOW:exon12/28:c.2487T>C:p.Asp829Asp', 1),
(213350, 'chr15', 43767774, 43767774, 'G', 'C', 'rs560191', 0.5258, 0.374, 0.3029, 'TP53BP1', 'missense', 'TP53BP1:NM_001141980.1:missense:MODERATE:exon9/28:c.1074C>G:p.Asp358Glu,TP53BP1:NM_001141979.1:missense:MODERATE:exon9/28:c.1074C>G:p.Asp358Glu,TP53BP1:NM_005657.2:missense:MODERATE:exon9/28:c.1059C>G:p.Asp353Glu', 1),
(214723, 'chr16', 3639139, 3639139, 'A', 'G', 'rs3810812', 0.7396, 0.611, 0.5077, 'SLX4', 'synonymous', 'SLX4:NM_032444.2:synonymous:LOW:exon12/15:c.4500T>C:p.Asn1500Asn', 1),
(215568, 'chr16', 68857441, 68857441, 'T', 'C', 'rs1801552', 0.7187, 0.655, 0.6322, 'CDH1', 'synonymous', 'CDH1:NM_004360.4:synonymous:LOW:exon13/16:c.2076T>C:p.Ala692Ala,CDH1:NM_001317184.1:synonymous:LOW:exon12/15:c.1893T>C:p.Ala631Ala,CDH1:NM_001317185.1:synonymous:LOW:exon13/16:c.528T>C:p.Ala176Ala,CDH1:NM_001317186.1:synonymous:LOW:exon12/15:c.111T>C:p.Ala37Ala', 1),
(216149, 'chr16', 89838078, 89838078, 'A', 'G', 'rs1800340', 0.5599, 0.431, 0.3077, 'FANCA', 'splice_region&intron', 'FANCA:NM_000135.2:splice_region&intron:LOW:exon23/42:c.2151+8T>C:,FANCA:NM_001286167.1:splice_region&intron:LOW:exon23/42:c.2151+8T>C:', 1),
(216155, 'chr16', 89866043, 89866043, 'T', 'C', 'rs7190823', 0.6905, 0.517, 0.3937, 'FANCA', 'missense', 'FANCA:NM_000135.2:missense:MODERATE:exon9/43:c.796A>G:p.Thr266Ala,FANCA:NM_001286167.1:missense:MODERATE:exon9/43:c.796A>G:p.Thr266Ala,FANCA:NM_001018112.1:missense:MODERATE:exon9/11:c.796A>G:p.Thr266Ala', 1),
(217254, 'chr17', 29553485, 29553485, 'G', 'A', 'rs2285892', 0.4968, 0.382, 0.2891, 'NF1', 'synonymous,downstream_gene', 'NF1:NM_001042492.2:synonymous:LOW:exon18/58:c.2034G>A:p.Pro678Pro,NF1:NM_000267.3:synonymous:LOW:exon18/57:c.2034G>A:p.Pro678Pro,NF1:NM_001128147.2:downstream_gene:MODIFIER::c.*4477G>A:', 1),
(218033, 'chr17', 59760996, 59760996, 'A', 'G', 'rs4986763', 0.6208, 0.594, 0.5869, 'BRIP1', 'synonymous', 'BRIP1:NM_032043.2:synonymous:LOW:exon20/20:c.3411T>C:p.Tyr1137Tyr', 1),
(218034, 'chr17', 59763347, 59763347, 'A', 'G', 'rs4986764', 0.6278, 0.597, 0.589, 'BRIP1', 'missense', 'BRIP1:NM_032043.2:missense:MODERATE:exon19/20:c.2755T>C:p.Ser919Pro', 1),
(218035, 'chr17', 59763465, 59763465, 'T', 'C', 'rs4986765', 0.8151, 0.719, 0.6555, 'BRIP1', 'synonymous', 'BRIP1:NM_032043.2:synonymous:LOW:exon19/20:c.2637A>G:p.Glu879Glu', 1),
(222995, 'chr2', 17942775, 17942775, 'T', 'A', 'rs1812152', 0.8137, 0.714, 0.6259, 'GEN1', 'missense', 'GEN1:NM_001130009.1:missense:MODERATE:exon3/14:c.274T>A:p.Ser92Thr,GEN1:NM_182625.3:missense:MODERATE:exon3/14:c.274T>A:p.Ser92Thr', 1),
(222996, 'chr2', 17954027, 17954027, 'G', 'A', 'rs300175', 0.977, 0.993, 0.9998, 'GEN1', 'missense', 'GEN1:NM_001130009.1:missense:MODERATE:exon8/14:c.929G>A:p.Ser310Asn,GEN1:NM_182625.3:missense:MODERATE:exon8/14:c.929G>A:p.Ser310Asn', 1),
(222997, 'chr2', 17962450, 17962450, 'A', 'G', 'rs300168', 0.5739, 0.576, 0.5184, 'GEN1', 'synonymous', 'GEN1:NM_001130009.1:synonymous:LOW:exon14/14:c.1971A>G:p.Glu657Glu,GEN1:NM_182625.3:synonymous:LOW:exon14/14:c.1971A>G:p.Glu657Glu', 1),
(225333, 'chr2', 215632255, 215632255, 'C', 'T', 'rs2070094', 0.3662, 0.378, 0.2758, 'BARD1', 'missense,intron,non_coding_exon', 'BARD1:NM_000465.3:missense:MODERATE:exon6/11:c.1519G>A:p.Val507Met,BARD1:NM_001282543.1:missense:MODERATE:exon5/10:c.1462G>A:p.Val488Met,BARD1:NM_001282545.1:intron:MODIFIER:exon2/6:c.216-14976G>A:,BARD1:NM_001282548.1:intron:MODIFIER:exon1/5:c.159-14976G>A:,BARD1:NM_001282549.1:intron:MODIFIER:exon3/4:c.364+24766G>A:,BARD1:NR_104212.1:non_coding_exon:MODIFIER:exon5/10:n.1512G>A:,BARD1:NR_104215.1:non_coding_exon:MODIFIER:exon4/9:n.1455G>A:,BARD1:NR_104216.1:non_coding_exon:MODIFIER:exon5/10:n.711G>A:', 1),
(225334, 'chr2', 215632256, 215632256, 'A', 'G', 'rs2070093', 0.7706, 0.813, 0.7806, 'BARD1', 'synonymous,intron,non_coding_exon', 'BARD1:NM_000465.3:synonymous:LOW:exon6/11:c.1518T>C:p.His506His,BARD1:NM_001282543.1:synonymous:LOW:exon5/10:c.1461T>C:p.His487His,BARD1:NM_001282545.1:intron:MODIFIER:exon2/6:c.216-14977T>C:,BARD1:NM_001282548.1:intron:MODIFIER:exon1/5:c.159-14977T>C:,BARD1:NM_001282549.1:intron:MODIFIER:exon3/4:c.364+24765T>C:,BARD1:NR_104212.1:non_coding_exon:MODIFIER:exon5/10:n.1511T>C:,BARD1:NR_104215.1:non_coding_exon:MODIFIER:exon4/9:n.1454T>C:,BARD1:NR_104216.1:non_coding_exon:MODIFIER:exon5/10:n.710T>C:', 1),
(225336, 'chr2', 215645464, 215645464, 'C', 'G', 'rs2229571', 0.4593, 0.548, 0.6008, 'BARD1', 'missense,intron,non_coding_exon', 'BARD1:NM_000465.3:missense:MODERATE:exon4/11:c.1134G>C:p.Arg378Ser,BARD1:NM_001282543.1:missense:MODERATE:exon3/10:c.1077G>C:p.Arg359Ser,BARD1:NM_001282545.1:intron:MODIFIER:exon2/6:c.215+16321G>C:,BARD1:NM_001282548.1:intron:MODIFIER:exon1/5:c.159-28185G>C:,BARD1:NM_001282549.1:intron:MODIFIER:exon3/4:c.364+11557G>C:,BARD1:NR_104216.1:intron:MODIFIER:exon3/9:n.507-11428G>C:,BARD1:NR_104212.1:non_coding_exon:MODIFIER:exon3/10:n.1127G>C:,BARD1:NR_104215.1:non_coding_exon:MODIFIER:exon2/9:n.1070G>C:', 1),
(225337, 'chr2', 215674224, 215674224, 'G', 'A', 'rs1048108', 0.3313, 0.367, 0.3474, 'BARD1,LOC101928103', 'missense,upstream_gene,non_coding_exon', 'BARD1:NM_000465.3:missense:MODERATE:exon1/11:c.70C>T:p.Pro24Ser,BARD1:NM_001282543.1:missense:MODERATE:exon1/10:c.70C>T:p.Pro24Ser,BARD1:NM_001282545.1:missense:MODERATE:exon1/7:c.70C>T:p.Pro24Ser,BARD1:NM_001282548.1:missense:MODERATE:exon1/6:c.70C>T:p.Pro24Ser,BARD1:NM_001282549.1:missense:MODERATE:exon1/5:c.70C>T:p.Pro24Ser,LOC101928103:NR_110292.1:upstream_gene:MODIFIER::n.-729G>A:,BARD1:NR_104212.1:non_coding_exon:MODIFIER:exon1/10:n.212C>T:,BARD1:NR_104215.1:non_coding_exon:MODIFIER:exon1/9:n.212C>T:,BARD1:NR_104216.1:non_coding_exon:MODIFIER:exon1/10:n.212C>T:', 1),
(225526, 'chr2', 220416942, 220416942, 'G', 'C', 'rs34490902', 0.3876, 0.409, 0.4551, 'OBSL1,MIR3132,TMEM198', 'splice_region&intron,upstream_gene,downstream_gene', 'OBSL1:NM_015311.2:splice_region&intron:LOW:exon18/20:c.5309-4C>G:,MIR3132:NR_036082.1:upstream_gene:MODIFIER::n.-3073C>G:,TMEM198:NM_001005209.2:downstream_gene:MODIFIER::c.*2366G>C:,TMEM198:NM_001303098.1:downstream_gene:MODIFIER::c.*2366G>C:,OBSL1:NM_001173431.1:downstream_gene:MODIFIER::c.*3777C>G:', 1),
(225528, 'chr2', 220417266, 220417266, 'C', 'T', 'rs59332477', 0.3766, 0.416, 0.4456, 'OBSL1,MIR3132,TMEM198', 'missense,upstream_gene,downstream_gene', 'OBSL1:NM_015311.2:missense:MODERATE:exon18/21:c.5300G>A:p.Arg1767Gln,MIR3132:NR_036082.1:upstream_gene:MODIFIER::n.-3397G>A:,TMEM198:NM_001005209.2:downstream_gene:MODIFIER::c.*2690C>T:,TMEM198:NM_001303098.1:downstream_gene:MODIFIER::c.*2690C>T:,OBSL1:NM_001173431.1:downstream_gene:MODIFIER::c.*3453G>A:', 1),
(225529, 'chr2', 220419236, 220419236, 'T', 'C', 'rs10932813', 0.9852, 0.996, 0.9996, 'OBSL1,TMEM198', 'synonymous,downstream_gene', 'OBSL1:NM_015311.2:synonymous:LOW:exon15/21:c.4836A>G:p.Thr1612Thr,TMEM198:NM_001005209.2:downstream_gene:MODIFIER::c.*4660T>C:,TMEM198:NM_001303098.1:downstream_gene:MODIFIER::c.*4660T>C:,OBSL1:NM_001173431.1:downstream_gene:MODIFIER::c.*1483A>G:', 1),
(225530, 'chr2', 220419339, 220419339, 'T', 'C', 'rs10932814', 0.9611, 0.985, 0.9925, 'OBSL1,TMEM198', 'missense,downstream_gene', 'OBSL1:NM_015311.2:missense:MODERATE:exon15/21:c.4733A>G:p.Gln1578Arg,TMEM198:NM_001005209.2:downstream_gene:MODIFIER::c.*4763T>C:,TMEM198:NM_001303098.1:downstream_gene:MODIFIER::c.*4763T>C:,OBSL1:NM_001173431.1:downstream_gene:MODIFIER::c.*1380A>G:', 1),
(225532, 'chr2', 220420956, 220420956, 'A', 'G', 'rs10932816', 0.9637, 0.989, 0.9996, 'OBSL1', 'synonymous', 'OBSL1:NM_015311.2:synonymous:LOW:exon14/21:c.4395T>C:p.Asp1465Asp,OBSL1:NM_001173431.1:synonymous:LOW:exon14/14:c.4395T>C:p.Asp1465Asp', 1),
(225533, 'chr2', 220421417, 220421417, 'C', 'G', 'rs1983210', 0.7246, 0.74, 0.7336, 'OBSL1', 'missense', 'OBSL1:NM_015311.2:missense:MODERATE:exon13/21:c.4095G>C:p.Glu1365Asp,OBSL1:NM_001173431.1:missense:MODERATE:exon13/14:c.4095G>C:p.Glu1365Asp', 1),
(225536, 'chr2', 220422774, 220422774, 'A', 'G', 'rs2278201', 0.4191, 0.429, 0.4331, 'OBSL1', 'synonymous,downstream_gene', 'OBSL1:NM_015311.2:synonymous:LOW:exon11/21:c.3561T>C:p.Pro1187Pro,OBSL1:NM_001173431.1:synonymous:LOW:exon11/14:c.3561T>C:p.Pro1187Pro,OBSL1:NM_001173408.1:downstream_gene:MODIFIER::c.*3832T>C:', 1),
(225541, 'chr2', 220430203, 220430203, 'C', 'T', 'rs1039898', 0.7927, 0.865, 0.9043, 'OBSL1', 'missense', 'OBSL1:NM_015311.2:missense:MODERATE:exon6/21:c.2168G>A:p.Arg723Lys,OBSL1:NM_001173431.1:missense:MODERATE:exon6/14:c.2168G>A:p.Arg723Lys,OBSL1:NM_001173408.1:missense:MODERATE:exon6/9:c.2168G>A:p.Arg723Lys', 1),
(225543, 'chr2', 220435034, 220435034, 'A', 'G', 'rs10180675', 0.7833, 0.861, 0.9044, 'OBSL1,INHA', 'synonymous,upstream_gene', 'OBSL1:NM_015311.2:synonymous:LOW:exon1/21:c.921T>C:p.Leu307Leu,OBSL1:NM_001173431.1:synonymous:LOW:exon1/14:c.921T>C:p.Leu307Leu,OBSL1:NM_001173408.1:synonymous:LOW:exon1/9:c.921T>C:p.Leu307Leu,INHA:NM_002191.3:upstream_gene:MODIFIER::c.-2063A>G:', 1),
(229029, 'chr3', 10089723, 10089723, 'G', 'A', 'rs12330369', 0, 0.446, 0, 'FANCD2', 'synonymous', 'FANCD2:NM_033084.3:synonymous:LOW:exon16/43:c.1401G>A:p.Thr467Thr,FANCD2:NM_001018115.1:synonymous:LOW:exon16/44:c.1401G>A:p.Thr467Thr', 1),
(230800, 'chr3', 142168331, 142168331, 'C', 'T', 'rs1802904', 0.9163, 0.865, 0.8614, 'ATR,XRN1', 'synonymous,upstream_gene', 'ATR:NM_001184.3:synonymous:LOW:exon47/47:c.7875G>A:p.Gln2625Gln,XRN1:NM_019001.4:upstream_gene:MODIFIER::c.-1545G>A:,XRN1:NM_001282857.1:upstream_gene:MODIFIER::c.-1545G>A:,XRN1:NM_001282859.1:upstream_gene:MODIFIER::c.-1545G>A:', 1),
(230801, 'chr3', 142178144, 142178144, 'C', 'T', 'rs2229032', 0.1022, 0.132, 0.1578, 'ATR', 'missense', 'ATR:NM_001184.3:missense:MODERATE:exon43/47:c.7274G>A:p.Arg2425Gln', 1),
(230806, 'chr3', 142277575, 142277575, 'A', 'T', 'rs2227930', 0.598, 0.553, 0.595, 'ATR', 'synonymous', 'ATR:NM_001184.3:synonymous:LOW:exon8/47:c.1776T>A:p.Gly592Gly', 1),
(230807, 'chr3', 142281612, 142281612, 'A', 'G', 'rs2227928', 0.5974, 0.552, 0.5955, 'ATR', 'missense', 'ATR:NM_001184.3:missense:MODERATE:exon4/47:c.632T>C:p.Met211Thr', 1),
(234144, 'chr5', 80149981, 80149981, 'A', 'G', 'rs184967', 0.9022, 0.873, 0.8355, 'MSH3', 'missense', 'MSH3:NM_002439.4:missense:MODERATE:exon21/24:c.2846A>G:p.Gln949Arg', 1),
(234361, 'chr5', 112162854, 112162854, 'T', 'C', 'rs2229992', 0.51, 0.577, 0.5902, 'APC', 'synonymous', 'APC:NM_000038.5:synonymous:LOW:exon12/16:c.1458T>C:p.Tyr486Tyr,APC:NM_001127511.2:synonymous:LOW:exon10/14:c.1404T>C:p.Tyr468Tyr,APC:NM_001127510.2:synonymous:LOW:exon13/17:c.1458T>C:p.Tyr486Tyr', 1),
(234362, 'chr5', 112164561, 112164561, 'G', 'A', 'rs351771', 0.6661, 0.648, 0.6169, 'APC', 'synonymous', 'APC:NM_000038.5:synonymous:LOW:exon14/16:c.1635G>A:p.Ala545Ala,APC:NM_001127511.2:synonymous:LOW:exon12/14:c.1581G>A:p.Ala527Ala,APC:NM_001127510.2:synonymous:LOW:exon15/17:c.1635G>A:p.Ala545Ala', 1),
(234365, 'chr5', 112176325, 112176325, 'G', 'A', 'rs42427', 0.6667, 0.65, 0.621, 'APC', 'synonymous', 'APC:NM_000038.5:synonymous:LOW:exon16/16:c.5034G>A:p.Gly1678Gly,APC:NM_001127511.2:synonymous:LOW:exon14/14:c.4980G>A:p.Gly1660Gly,APC:NM_001127510.2:synonymous:LOW:exon17/17:c.5034G>A:p.Gly1678Gly', 1),
(234366, 'chr5', 112176559, 112176559, 'T', 'G', 'rs866006', 0.6669, 0.65, 0.6186, 'APC', 'synonymous', 'APC:NM_000038.5:synonymous:LOW:exon16/16:c.5268T>G:p.Ser1756Ser,APC:NM_001127511.2:synonymous:LOW:exon14/14:c.5214T>G:p.Ser1738Ser,APC:NM_001127510.2:synonymous:LOW:exon17/17:c.5268T>G:p.Ser1756Ser', 1),
(234367, 'chr5', 112176756, 112176756, 'T', 'A', 'rs459552', 0.8654, 0.798, 0.765, 'APC', 'missense', 'APC:NM_000038.5:missense:MODERATE:exon16/16:c.5465T>A:p.Val1822Asp,APC:NM_001127511.2:missense:MODERATE:exon14/14:c.5411T>A:p.Val1804Asp,APC:NM_001127510.2:missense:MODERATE:exon17/17:c.5465T>A:p.Val1822Asp', 1),
(234368, 'chr5', 112177171, 112177171, 'G', 'A', 'rs465899', 0.6665, 0.648, 0.6168, 'APC', 'synonymous', 'APC:NM_000038.5:synonymous:LOW:exon16/16:c.5880G>A:p.Pro1960Pro,APC:NM_001127511.2:synonymous:LOW:exon14/14:c.5826G>A:p.Pro1942Pro,APC:NM_001127510.2:synonymous:LOW:exon17/17:c.5880G>A:p.Pro1960Pro', 1),
(235808, 'chr6', 35423662, 35423662, 'A', 'C', 'rs4713867', 0.778, 0.721, 0.6717, 'FANCE', 'synonymous', 'FANCE:NM_021922.2:synonymous:LOW:exon2/10:c.387A>C:p.Pro129Pro', 1),
(237622, 'chr7', 6026775, 6026775, 'T', 'C', 'rs2228006', 0.8832, 0.851, 0.8457, 'PMS2', 'missense,non_coding_exon', 'PMS2:NM_000535.5:missense:MODERATE:exon11/15:c.1621A>G:p.Lys541Glu,PMS2:NR_003085.2:non_coding_exon:MODIFIER:exon11/15:n.1703A>G:', 1),
(237626, 'chr7', 6036980, 6036980, 'G', 'C', 'rs1805319', 0.8313, 0.809, 0.8148, 'PMS2', 'synonymous,non_coding_exon', 'PMS2:NM_000535.5:synonymous:LOW:exon7/15:c.780C>G:p.Ser260Ser,PMS2:NR_003085.2:non_coding_exon:MODIFIER:exon7/15:n.862C>G:', 1),
(239025, 'chr7', 128846328, 128846328, 'G', 'C', 'rs2228617', 0.7562, 0.797, 0.8391, 'SMO', 'synonymous', 'SMO:NM_005631.4:synonymous:LOW:exon6/12:c.1164G>C:p.Gly388Gly', 1),
(239327, 'chr7', 142460313, 142460313, 'T', 'C', 'rs6666', 0.3966, 0.369, 0, 'PRSS1', 'synonymous', 'PRSS1:NM_002769.4:synonymous:LOW:exon4/5:c.486T>C:p.Asp162Asp', 1),
(239334, 'chr7', 142460865, 142460865, 'T', 'C', 'rs6667', 0.3938, 0.504, 0, 'PRSS1', 'synonymous', 'PRSS1:NM_002769.4:synonymous:LOW:exon5/5:c.738T>C:p.Asn246Asn', 1),
(240595, 'chr8', 90958422, 90958422, 'T', 'C', 'rs1061302', 0.3528, 0.345, 0.3132, 'NBN', 'synonymous', 'NBN:NM_002485.4:synonymous:LOW:exon13/16:c.2016A>G:p.Pro672Pro,NBN:NM_001024688.2:synonymous:LOW:exon14/17:c.1770A>G:p.Pro590Pro', 1),
(240596, 'chr8', 90958530, 90958530, 'T', 'C', 'rs2308962', 0.379, 0.353, 0.3144, 'NBN', 'splice_region&intron', 'NBN:NM_002485.4:splice_region&intron:LOW:exon12/15:c.1915-7A>G:,NBN:NM_001024688.2:splice_region&intron:LOW:exon13/16:c.1669-7A>G:', 1),
(240598, 'chr8', 90967711, 90967711, 'A', 'G', 'rs709816', 0.6086, 0.467, 0.3559, 'NBN', 'synonymous', 'NBN:NM_002485.4:synonymous:LOW:exon10/16:c.1197T>C:p.Asp399Asp,NBN:NM_001024688.2:synonymous:LOW:exon11/17:c.951T>C:p.Asp317Asp', 1),
(240600, 'chr8', 90990479, 90990479, 'C', 'G', 'rs1805794', 0.357, 0.345, 0.3136, 'NBN', 'missense', 'NBN:NM_002485.4:missense:MODERATE:exon5/16:c.553G>C:p.Glu185Gln,NBN:NM_001024688.2:missense:MODERATE:exon6/17:c.307G>C:p.Glu103Gln', 1),
(240602, 'chr8', 90995019, 90995019, 'C', 'T', 'rs1063045', 0.3792, 0.353, 0.3147, 'NBN', 'synonymous,5''UTR', 'NBN:NM_002485.4:synonymous:LOW:exon2/16:c.102G>A:p.Leu34Leu,NBN:NM_001024688.2:5''UTR:MODIFIER:exon2/17:c.-195G>A:', 1),
(241479, 'chr9', 17342383, 17342383, 'C', 'T', 'rs1442527', 0.9495, 0.986, 0.9994, 'CNTLN', 'synonymous', 'CNTLN:NM_017738.3:synonymous:LOW:exon12/26:c.1827C>T:p.Asp609Asp', 1),
(241663, 'chr9', 35074917, 35074917, 'T', 'C', 'rs587118', 0.2202, 0.396, 0.4993, 'FANCG,VCP', 'splice_region&intron,upstream_gene', 'FANCG:NM_004629.1:splice_region&intron:LOW:exon12/13:c.1636+7A>G:,VCP:NM_007126.3:upstream_gene:MODIFIER::c.-2567A>G:', 1),
(307040, 'chr1', 45797505, 45797505, 'C', 'G', 'rs3219489', 0.3135, 0.268, 0.2492, 'MUTYH,HPDL', 'missense,downstream_gene', 'MUTYH:NM_001128425.1:missense:MODERATE:exon12/16:c.1014G>C:p.Gln338His,MUTYH:NM_001048174.1:missense:MODERATE:exon12/16:c.930G>C:p.Gln310His,MUTYH:NM_001293191.1:missense:MODERATE:exon12/16:c.963G>C:p.Gln321His,MUTYH:NM_001293195.1:missense:MODERATE:exon13/17:c.930G>C:p.Gln310His,MUTYH:NM_001048172.1:missense:MODERATE:exon12/16:c.933G>C:p.Gln311His,MUTYH:NM_001048173.1:missense:MODERATE:exon12/16:c.930G>C:p.Gln310His,MUTYH:NM_001293196.1:missense:MODERATE:exon12/16:c.654G>C:p.Gln218His,MUTYH:NM_001048171.1:missense:MODERATE:exon12/16:c.972G>C:p.Gln324His,MUTYH:NM_001293190.1:missense:MODERATE:exon12/16:c.975G>C:p.Gln325His,MUTYH:NM_001293192.1:missense:MODERATE:exon12/16:c.654G>C:p.Gln218His,MUTYH:NM_012222.2:missense:MODERATE:exon12/16:c.1005G>C:p.Gln335His,HPDL:NM_032756.2:downstream_gene:MODIFIER::c.*3569C>G:', 1),
(307049, 'chr10', 88635779, 88635779, 'C', 'A', 'rs11528010', 0.4998, 0.356, 0.2562, 'BMPR1A', 'missense', 'BMPR1A:NM_004329.2:missense:MODERATE:exon3/13:c.4C>A:p.Pro2Thr', 1),
(307137, 'chr15', 43762196, 43762196, 'C', 'T', 'rs689647', 0.3824, 0.206, 0.113, 'TP53BP1', 'missense', 'TP53BP1:NM_001141980.1:missense:MODERATE:exon11/28:c.1249G>A:p.Gly417Ser,TP53BP1:NM_001141979.1:missense:MODERATE:exon11/28:c.1249G>A:p.Gly417Ser,TP53BP1:NM_005657.2:missense:MODERATE:exon11/28:c.1234G>A:p.Gly412Ser', 1),
(307158, 'chr16', 68771372, 68771372, 'C', 'T', 'rs3743674', 0.7634, 0.731, 0.9074, 'CDH1', 'splice_region&intron', 'CDH1:NM_004360.4:splice_region&intron:LOW:exon1/15:c.48+6C>T:,CDH1:NM_001317184.1:splice_region&intron:LOW:exon1/14:c.48+6C>T:,CDH1:NM_001317185.1:splice_region&intron:LOW:exon1/15:c.-1568+6C>T:,CDH1:NM_001317186.1:splice_region&intron:LOW:exon1/14:c.-1772+6C>T:', 1),
(307173, 'chr16', 89836323, 89836323, 'C', 'T', 'rs7195066', 0.6667, 0.467, 0.3142, 'FANCA', 'missense', 'FANCA:NM_000135.2:missense:MODERATE:exon26/43:c.2426G>A:p.Gly809Asp,FANCA:NM_001286167.1:missense:MODERATE:exon26/43:c.2426G>A:p.Gly809Asp', 1),
(307180, 'chr16', 89849480, 89849480, 'C', 'T', 'rs2239359', 0.624, 0.499, 0.381, 'FANCA', 'missense', 'FANCA:NM_000135.2:missense:MODERATE:exon16/43:c.1501G>A:p.Gly501Ser,FANCA:NM_001286167.1:missense:MODERATE:exon16/43:c.1501G>A:p.Gly501Ser', 1),
(307218, 'chr17', 41223094, 41223094, 'T', 'C', 'rs1799966', 0.3558, 0.349, 0.3266, 'BRCA1', 'missense,non_coding_exon', 'BRCA1:NM_007300.3:missense:MODERATE:exon16/24:c.4900A>G:p.Ser1634Gly,BRCA1:NM_007298.3:missense:MODERATE:exon14/22:c.1525A>G:p.Ser509Gly,BRCA1:NM_007297.3:missense:MODERATE:exon14/22:c.4696A>G:p.Ser1566Gly,BRCA1:NM_007299.3:missense:MODERATE:exon15/22:c.1525A>G:p.Ser509Gly,BRCA1:NM_007294.3:missense:MODERATE:exon15/23:c.4837A>G:p.Ser1613Gly,BRCA1:NR_027676.1:non_coding_exon:MODIFIER:exon15/23:n.4973A>G:', 1),
(307223, 'chr17', 41234470, 41234470, 'A', 'G', 'rs1060915', 0.3363, 0.343, 0.326, 'BRCA1', 'synonymous,non_coding_exon', 'BRCA1:NM_007300.3:synonymous:LOW:exon12/24:c.4308T>C:p.Ser1436Ser,BRCA1:NM_007298.3:synonymous:LOW:exon11/22:c.999T>C:p.Ser333Ser,BRCA1:NM_007297.3:synonymous:LOW:exon11/22:c.4167T>C:p.Ser1389Ser,BRCA1:NM_007299.3:synonymous:LOW:exon12/22:c.999T>C:p.Ser333Ser,BRCA1:NM_007294.3:synonymous:LOW:exon12/23:c.4308T>C:p.Ser1436Ser,BRCA1:NR_027676.1:non_coding_exon:MODIFIER:exon12/23:n.4444T>C:', 1),
(307225, 'chr17', 41244000, 41244000, 'T', 'C', 'rs16942', 0.3526, 0.348, 0.3244, 'BRCA1', 'missense,intron,non_coding_exon', 'BRCA1:NM_007300.3:missense:MODERATE:exon10/24:c.3548A>G:p.Lys1183Arg,BRCA1:NM_007297.3:missense:MODERATE:exon9/22:c.3407A>G:p.Lys1136Arg,BRCA1:NM_007294.3:missense:MODERATE:exon10/23:c.3548A>G:p.Lys1183Arg,BRCA1:NM_007298.3:intron:MODIFIER:exon9/21:c.788-951A>G:,BRCA1:NM_007299.3:intron:MODIFIER:exon10/21:c.788-951A>G:,BRCA1:NR_027676.1:non_coding_exon:MODIFIER:exon10/23:n.3684A>G:', 1),
(307226, 'chr17', 41244435, 41244435, 'T', 'C', 'rs16941', 0.3357, 0.343, 0.3255, 'BRCA1', 'missense,intron,non_coding_exon', 'BRCA1:NM_007300.3:missense:MODERATE:exon10/24:c.3113A>G:p.Glu1038Gly,BRCA1:NM_007297.3:missense:MODERATE:exon9/22:c.2972A>G:p.Glu991Gly,BRCA1:NM_007294.3:missense:MODERATE:exon10/23:c.3113A>G:p.Glu1038Gly,BRCA1:NM_007298.3:intron:MODIFIER:exon9/21:c.788-1386A>G:,BRCA1:NM_007299.3:intron:MODIFIER:exon10/21:c.788-1386A>G:,BRCA1:NR_027676.1:non_coding_exon:MODIFIER:exon10/23:n.3249A>G:', 1),
(307227, 'chr17', 41244936, 41244936, 'G', 'A', 'rs799917', 0.5439, 0.41, 0.3359, 'BRCA1', 'missense,intron,non_coding_exon', 'BRCA1:NM_007300.3:missense:MODERATE:exon10/24:c.2612C>T:p.Pro871Leu,BRCA1:NM_007297.3:missense:MODERATE:exon9/22:c.2471C>T:p.Pro824Leu,BRCA1:NM_007294.3:missense:MODERATE:exon10/23:c.2612C>T:p.Pro871Leu,BRCA1:NM_007298.3:intron:MODIFIER:exon9/21:c.787+1825C>T:,BRCA1:NM_007299.3:intron:MODIFIER:exon10/21:c.787+1825C>T:,BRCA1:NR_027676.1:non_coding_exon:MODIFIER:exon10/23:n.2748C>T:', 1),
(307228, 'chr17', 41245237, 41245237, 'A', 'G', 'rs16940', 0.3353, 0.342, 0.3237, 'BRCA1', 'synonymous,intron,non_coding_exon', 'BRCA1:NM_007300.3:synonymous:LOW:exon10/24:c.2311T>C:p.Leu771Leu,BRCA1:NM_007297.3:synonymous:LOW:exon9/22:c.2170T>C:p.Leu724Leu,BRCA1:NM_007294.3:synonymous:LOW:exon10/23:c.2311T>C:p.Leu771Leu,BRCA1:NM_007298.3:intron:MODIFIER:exon9/21:c.787+1524T>C:,BRCA1:NM_007299.3:intron:MODIFIER:exon10/21:c.787+1524T>C:,BRCA1:NR_027676.1:non_coding_exon:MODIFIER:exon10/23:n.2447T>C:', 1),
(307229, 'chr17', 41245466, 41245466, 'G', 'A', 'rs1799949', 0.3365, 0.348, 0.3244, 'BRCA1', 'synonymous,intron,non_coding_exon', 'BRCA1:NM_007300.3:synonymous:LOW:exon10/24:c.2082C>T:p.Ser694Ser,BRCA1:NM_007297.3:synonymous:LOW:exon9/22:c.1941C>T:p.Ser647Ser,BRCA1:NM_007294.3:synonymous:LOW:exon10/23:c.2082C>T:p.Ser694Ser,BRCA1:NM_007298.3:intron:MODIFIER:exon9/21:c.787+1295C>T:,BRCA1:NM_007299.3:intron:MODIFIER:exon10/21:c.787+1295C>T:,BRCA1:NR_027676.1:non_coding_exon:MODIFIER:exon10/23:n.2218C>T:', 1),
(307268, 'chr2', 47601106, 47601106, 'T', 'C', 'rs1126497', 0.6661, 0.52, 0.4328, 'EPCAM,MIR559', 'missense,upstream_gene', 'EPCAM:NM_002354.2:missense:MODERATE:exon3/9:c.344T>C:p.Met115Thr,MIR559:NR_030286.1:upstream_gene:MODIFIER::n.-3708T>C:', 1),
(307285, 'chr2', 48010488, 48010488, 'G', 'A', 'rs1042821', 0.2009, 0.178, 0.1724, 'MSH6', 'missense,5''UTR,upstream_gene', 'MSH6:NM_000179.2:missense:MODERATE:exon1/10:c.116G>A:p.Gly39Glu,MSH6:NM_001281492.1:missense:MODERATE:exon1/8:c.116G>A:p.Gly39Glu,MSH6:NM_001281493.1:5''UTR:MODIFIER:exon1/9:c.-621G>A:,MSH6:NM_001281494.1:upstream_gene:MODIFIER::c.-15541G>A:', 1),
(307299, 'chr2', 215595164, 215595164, 'G', 'A', 'rs3738888', 0.0054, 0.0079, 0.0078, 'BARD1', 'missense,non_coding_exon', 'BARD1:NM_000465.3:missense:MODERATE:exon10/11:c.1972C>T:p.Arg658Cys,BARD1:NM_001282543.1:missense:MODERATE:exon9/10:c.1915C>T:p.Arg639Cys,BARD1:NM_001282545.1:missense:MODERATE:exon6/7:c.619C>T:p.Arg207Cys,BARD1:NM_001282548.1:missense:MODERATE:exon5/6:c.562C>T:p.Arg188Cys,BARD1:NM_001282549.1:missense:MODERATE:exon4/5:c.433C>T:p.Arg145Cys,BARD1:NR_104212.1:non_coding_exon:MODIFIER:exon9/10:n.1965C>T:,BARD1:NR_104215.1:non_coding_exon:MODIFIER:exon8/9:n.1908C>T:,BARD1:NR_104216.1:non_coding_exon:MODIFIER:exon9/10:n.1164C>T:', 1),
(307332, 'chr3', 10085536, 10085536, 'A', 'G', 'rs34046352', 0, 0.122, 0, 'FANCD2', 'synonymous', 'FANCD2:NM_033084.3:synonymous:LOW:exon14/43:c.1122A>G:p.Val374Val,FANCD2:NM_001018115.1:synonymous:LOW:exon14/44:c.1122A>G:p.Val374Val', 1),
(307339, 'chr3', 10106532, 10106532, 'C', 'T', 'rs3864017', 0, 0.155, 0, 'FANCD2', 'missense', 'FANCD2:NM_033084.3:missense:MODERATE:exon23/43:c.2141C>T:p.Pro714Leu,FANCD2:NM_001018115.1:missense:MODERATE:exon23/44:c.2141C>T:p.Pro714Leu', 1),
(307347, 'chr3', 10138069, 10138069, 'T', 'G', 'rs2272125', 0.2422, 0.187, 0.1647, 'FANCD2,FANCD2OS', 'synonymous,intron', 'FANCD2:NM_033084.3:synonymous:LOW:exon42/43:c.4098T>G:p.Leu1366Leu,FANCD2:NM_001018115.1:synonymous:LOW:exon42/44:c.4098T>G:p.Leu1366Leu,FANCD2OS:NM_173472.1:intron:MODIFIER:exon2/2:c.*43+7813A>C:', 1),
(307371, 'chr5', 79950781, 79950781, 'A', 'G', 'rs1650697', 0.7686, 0.854, 0, 'MSH3,DHFR,MTRNR2L2', 'missense&splice_region,5''UTR,upstream_gene,non_coding_exon', 'MSH3:NM_002439.4:missense&splice_region:MODERATE:exon1/24:c.235A>G:p.Ile79Val,DHFR:NM_000791.3:5''UTR:MODIFIER:exon1/6:c.-473T>C:,DHFR:NM_001290354.1:5''UTR:MODIFIER:exon1/5:c.-579T>C:,DHFR:NM_001290357.1:5''UTR:MODIFIER:exon1/5:c.-473T>C:,MTRNR2L2:NM_001190470.1:upstream_gene:MODIFIER::c.-4876T>C:,DHFR:NR_110936.1:non_coding_exon:MODIFIER:exon1/4:n.20T>C:', 1),
(307379, 'chr5', 80168937, 80168937, 'G', 'A', 'rs26279', 0.7202, 0.73, 0.7094, 'MSH3', 'missense&splice_region', 'MSH3:NM_002439.4:missense&splice_region:MODERATE:exon23/24:c.3133G>A:p.Ala1045Thr', 1),
(307440, 'chr9', 21971137, 21971137, 'T', 'G', 'rs200429615', 0, 0.0011, 0, 'CDKN2A,CDKN2A-AS1', 'missense,synonymous,3''UTR,downstream_gene', 'CDKN2A:NM_001195132.1:missense:MODERATE:exon2/4:c.221A>C:p.Asp74Ala,CDKN2A:NM_000077.4:missense:MODERATE:exon2/3:c.221A>C:p.Asp74Ala,CDKN2A:NM_058195.3:synonymous:LOW:exon2/3:c.264A>C:p.Arg88Arg,CDKN2A:NM_058197.4:3''UTR:MODIFIER:exon2/3:c.*144A>C:,CDKN2A-AS1:NR_024274.1:downstream_gene:MODIFIER::n.*3384T>G:', 1),
(307447, 'chr9', 98209594, 98209594, 'G', 'A', 'rs357564', 0.3968, 0.38, 0.3298, 'PTCH1', 'missense', 'PTCH1:NM_000264.3:missense:MODERATE:exon23/24:c.3944C>T:p.Pro1315Leu,PTCH1:NM_001083607.1:missense:MODERATE:exon23/24:c.3491C>T:p.Pro1164Leu,PTCH1:NM_001083606.1:missense:MODERATE:exon23/24:c.3491C>T:p.Pro1164Leu,PTCH1:NM_001083604.1:missense:MODERATE:exon23/24:c.3491C>T:p.Pro1164Leu,PTCH1:NM_001083605.1:missense:MODERATE:exon23/24:c.3491C>T:p.Pro1164Leu,PTCH1:NM_001083602.1:missense:MODERATE:exon23/24:c.3746C>T:p.Pro1249Leu,PTCH1:NM_001083603.1:missense:MODERATE:exon23/24:c.3941C>T:p.Pro1314Leu', 1),
(309268, 'chr11', 108175394, 108175394, 'T', 'C', 'rs3092829', 0.0132, 0.022, 0.0334, 'ATM', 'splice_region&intron', 'ATM:NM_000051.3:splice_region&intron:LOW:exon36/62:c.5497-8T>C:', 1),
(311040, 'chr17', 33445549, 33445549, 'G', 'A', 'rs9901455', 0.1875, 0.118, 0.082, 'RAD51D,FNDC8,RAD51L3-RFFL', 'synonymous,upstream_gene,intron', 'RAD51D:NM_002878.3:synonymous:LOW:exon3/10:c.234C>T:p.Ser78Ser,FNDC8:NM_017559.2:upstream_gene:MODIFIER::c.-3164G>A:,RAD51L3-RFFL:NR_037714.1:intron:MODIFIER:exon1/6:n.232+2761C>T:,RAD51D:NM_001142571.1:intron:MODIFIER:exon2/9:c.144+581C>T:,RAD51D:NM_133629.2:intron:MODIFIER:exon2/6:c.144+581C>T:,RAD51D:NR_037711.1:intron:MODIFIER:exon2/8:n.400+581C>T:,RAD51D:NR_037712.1:intron:MODIFIER:exon2/7:n.400+581C>T:', 1),
(311089, 'chr19', 17389648, 17389648, 'C', 'T', 'rs10406920', 0.1118, 0.148, 0.1799, 'BABAM1,ANKLE1', 'splice_region&intron,upstream_gene', 'BABAM1:NM_001033549.2:splice_region&intron:LOW:exon8/8:c.787-6C>T:,BABAM1:NM_001288756.1:splice_region&intron:LOW:exon8/8:c.787-6C>T:,BABAM1:NM_001288757.1:splice_region&intron:LOW:exon5/5:c.562-6C>T:,BABAM1:NM_014173.3:splice_region&intron:LOW:exon8/8:c.787-6C>T:,ANKLE1:NM_152363.5:upstream_gene:MODIFIER::c.-2920C>T:,ANKLE1:NM_001278443.1:upstream_gene:MODIFIER::c.-2920C>T:,ANKLE1:NM_001278444.1:upstream_gene:MODIFIER::c.-2920C>T:,ANKLE1:NM_001278445.1:upstream_gene:MODIFIER::c.-3011C>T:,ANKLE1:NR_103530.1:upstream_gene:MODIFIER::n.-2806C>T:', 1),
(311090, 'chr19', 17389704, 17389704, 'G', 'A', 'rs8170', 0.1124, 0.152, 0.1811, 'BABAM1,ANKLE1', 'synonymous,upstream_gene', 'BABAM1:NM_001033549.2:synonymous:LOW:exon9/9:c.837G>A:p.Lys279Lys,BABAM1:NM_001288756.1:synonymous:LOW:exon9/9:c.837G>A:p.Lys279Lys,BABAM1:NM_001288757.1:synonymous:LOW:exon6/6:c.612G>A:p.Lys204Lys,BABAM1:NM_014173.3:synonymous:LOW:exon9/9:c.837G>A:p.Lys279Lys,ANKLE1:NM_152363.5:upstream_gene:MODIFIER::c.-2864G>A:,ANKLE1:NM_001278443.1:upstream_gene:MODIFIER::c.-2864G>A:,ANKLE1:NM_001278444.1:upstream_gene:MODIFIER::c.-2864G>A:,ANKLE1:NM_001278445.1:upstream_gene:MODIFIER::c.-2955G>A:,ANKLE1:NR_103530.1:upstream_gene:MODIFIER::n.-2750G>A:', 1),
(313463, 'chr15', 43701947, 43701947, 'A', '-', 'rs397711844;rs56813954', 0.2502, 0.254, 0, 'TP53BP1,TUBGCP4', 'splice_region&intron,downstream_gene', 'TP53BP1:NM_001141980.1:splice_region&intron:LOW:exon24/27:c.5306-8delT:,TP53BP1:NM_001141979.1:splice_region&intron:LOW:exon24/27:c.5300-8delT:,TP53BP1:NM_005657.2:splice_region&intron:LOW:exon24/27:c.5291-8delT:,TUBGCP4:NM_001286414.2:downstream_gene:MODIFIER::c.*4535delA:,TUBGCP4:NM_014444.4:downstream_gene:MODIFIER::c.*4535delA:', 1),
(313480, 'chr17', 33433487, 33433487, 'C', 'T', 'rs4796033', 0.095, 0.148, 0.1427, 'RAD51D,RAD51L3-RFFL', 'missense,non_coding_exon', 'RAD51D:NM_001142571.1:missense:MODERATE:exon6/10:c.554G>A:p.Arg185Gln,RAD51D:NM_002878.3:missense:MODERATE:exon6/10:c.494G>A:p.Arg165Gln,RAD51D:NM_133629.2:missense:MODERATE:exon3/7:c.158G>A:p.Arg53Gln,RAD51L3-RFFL:NR_037714.1:non_coding_exon:MODIFIER:exon2/7:n.246G>A:,RAD51D:NR_037711.1:non_coding_exon:MODIFIER:exon5/9:n.631G>A:,RAD51D:NR_037712.1:non_coding_exon:MODIFIER:exon4/8:n.496G>A:', 1),
(313553, 'chr14', 104165753, 104165753, 'G', 'A', 'rs861539', 0.2169, 0.292, 0.3782, 'XRCC3,KLC1', 'missense,intron', 'XRCC3:NM_001100118.1:missense:MODERATE:exon7/9:c.722C>T:p.Thr241Met,XRCC3:NM_001100119.1:missense:MODERATE:exon8/10:c.722C>T:p.Thr241Met,XRCC3:NM_005432.3:missense:MODERATE:exon8/10:c.722C>T:p.Thr241Met,KLC1:NM_001130107.1:intron:MODIFIER:exon14/15:c.1782-1239G>A:,KLC1:NM_182923.3:intron:MODIFIER:exon13/14:c.1651-1239G>A:', 1),
(555378, 'chr3', 142217537, 142217537, 'A', 'G', 'rs2227932', 0.0669, 0.093, 0.1062, 'ATR', 'synonymous', 'ATR:NM_001184.3:synonymous:LOW:exon32/47:c.5460T>C:p.Tyr1820Tyr', 1),
(564081, 'chr1', 27687466, 27687466, 'G', 'T', 'rs35659744', 0.122, 0.223, 0.2959, 'MAP3K6', 'missense', 'MAP3K6:NM_004672.4:missense:MODERATE:exon14/29:c.1866C>A:p.Asn622Lys,MAP3K6:NM_001297609.1:missense:MODERATE:exon13/28:c.1842C>A:p.Asn614Lys', 1),
(564637, 'chr1', 62713246, 62713246, 'G', 'A', 'rs10889315', 0.3189, 0.389, 0.4209, 'KANK4', 'synonymous', 'KANK4:NM_181712.4:synonymous:LOW:exon9/10:c.2781C>T:p.His927His', 1),
(564643, 'chr1', 62738904, 62738904, 'T', 'C', 'rs7516290', 0.8005, 0.738, 0.6733, 'KANK4', 'synonymous', 'KANK4:NM_181712.4:synonymous:LOW:exon3/10:c.1872A>G:p.Pro624Pro', 1),
(564644, 'chr1', 62739198, 62739198, 'G', 'A', 'rs17855078', 0.2506, 0.308, 0.3309, 'KANK4', 'synonymous', 'KANK4:NM_181712.4:synonymous:LOW:exon3/10:c.1578C>T:p.Ser526Ser', 1),
(564645, 'chr1', 62740065, 62740065, 'A', 'G', 'rs12127930', 0.4822, 0.452, 0.4271, 'KANK4', 'synonymous', 'KANK4:NM_181712.4:synonymous:LOW:exon3/10:c.711T>C:p.Gly237Gly', 1),
(565154, 'chr1', 120611960, 120611960, 'C', 'T', 'rs2603926', 0, 0.259, 0, 'NOTCH2', 'missense', 'NOTCH2:NM_024408.3:missense:MODERATE:exon1/34:c.61G>A:p.Ala21Thr,NOTCH2:NM_001200001.1:missense:MODERATE:exon1/22:c.61G>A:p.Ala21Thr', 1),
(565156, 'chr1', 120612003, 120612004, 'GG', '-', 'rs864309621', 0, 0.343, 0, 'NOTCH2', 'frameshift', 'NOTCH2:NM_024408.3:frameshift:HIGH:exon1/34:c.17_18delCC:p.Pro6fs,NOTCH2:NM_001200001.1:frameshift:HIGH:exon1/22:c.17_18delCC:p.Pro6fs', 1),
(565159, 'chr1', 120612034, 120612034, 'T', 'G', 'rs201668322', 0, 0.124, 0, 'NOTCH2', '5''UTR', 'NOTCH2:NM_024408.3:5''UTR:MODIFIER:exon1/34:c.-14A>C:,NOTCH2:NM_001200001.1:5''UTR:MODIFIER:exon1/22:c.-14A>C:', 1),
(586510, 'chr2', 220435375, 220435375, 'G', 'A', 'rs1061399', 0.3588, 0.261, 0.3695, 'OBSL1,INHA', 'synonymous,upstream_gene', 'OBSL1:NM_015311.2:synonymous:LOW:exon1/21:c.580C>T:p.Leu194Leu,OBSL1:NM_001173431.1:synonymous:LOW:exon1/14:c.580C>T:p.Leu194Leu,OBSL1:NM_001173408.1:synonymous:LOW:exon1/9:c.580C>T:p.Leu194Leu,INHA:NM_002191.3:upstream_gene:MODIFIER::c.-1722G>A:', 1),
(599471, 'chr9', 17394996, 17394996, 'T', 'C', 'rs3739489', 0.8411, 0.879, 0.9149, 'CNTLN', 'synonymous', 'CNTLN:NM_017738.3:synonymous:LOW:exon15/26:c.2544T>C:p.His848His', 1),
(599473, 'chr9', 17409366, 17409366, 'G', 'A', 'rs2780211', 0.8389, 0.875, 0.9115, 'CNTLN', 'synonymous', 'CNTLN:NM_017738.3:synonymous:LOW:exon16/26:c.2691G>A:p.Thr897Thr', 1),
(603008, 'chr1', 62740446, 62740446, 'T', 'C', 'rs2666506', 0.8045, 0.745, 0.6742, 'KANK4', 'synonymous', 'KANK4:NM_181712.4:synonymous:LOW:exon3/10:c.330A>G:p.Pro110Pro', 1),
(603009, 'chr1', 62740449, 62740449, 'T', 'C', 'rs2666507', 0.781, 0.737, 0.6734, 'KANK4', 'synonymous', 'KANK4:NM_181712.4:synonymous:LOW:exon3/10:c.327A>G:p.Ser109Ser', 1),
(639841, 'chr9', 17273878, 17273878, 'A', 'G', 'rs12376938', 0.2258, 0.253, 0.2651, 'CNTLN', 'splice_region&intron', 'CNTLN:NM_017738.3:splice_region&intron:LOW:exon6/25:c.983+14A>G:,CNTLN:NM_001114395.2:splice_region&intron:LOW:exon6/6:c.983+14A>G:', 1),
(643627, 'chr1', 62732421, 62732421, 'T', 'C', 'rs11207949', 0.3055, 0.284, 0.2449, 'KANK4', 'missense', 'KANK4:NM_181712.4:missense:MODERATE:exon6/10:c.2302A>G:p.Thr768Ala', 1),
(644295, 'chr1', 120612006, 120612006, 'G', 'A', 'rs4021006', 0.394, 0.422, 0, 'NOTCH2', 'synonymous', 'NOTCH2:NM_024408.3:synonymous:LOW:exon1/34:c.15C>T:p.Arg5Arg,NOTCH2:NM_001200001.1:synonymous:LOW:exon1/22:c.15C>T:p.Arg5Arg', 1),
(666218, 'chr2', 17962518, 17962518, 'C', 'T', 'rs300169', 0.758, 0.698, 0.6245, 'GEN1', 'missense', 'GEN1:NM_001130009.1:missense:MODERATE:exon14/14:c.2039C>T:p.Thr680Ile,GEN1:NM_182625.3:missense:MODERATE:exon14/14:c.2039C>T:p.Thr680Ile', 1),
(683610, 'chr9', 17394536, 17394536, 'C', 'T', 'rs7035276', 0.7806, 0.822, 0.8763, 'CNTLN', 'missense', 'CNTLN:NM_017738.3:missense:MODERATE:exon15/26:c.2084C>T:p.Thr695Ile', 1),
(1447293, 'chr14', 45606387, 45606387, 'A', 'G', 'rs45547534', 0.0054, 0.011, 0.0151, 'FANCM,FKBP3', 'missense,upstream_gene', 'FANCM:NM_020937.3:missense:MODERATE:exon2/23:c.624A>G:p.Ile208Met,FANCM:NM_001308134.1:missense:MODERATE:exon2/11:c.624A>G:p.Ile208Met,FANCM:NM_001308133.1:missense:MODERATE:exon2/22:c.624A>G:p.Ile208Met,FKBP3:NM_002013.3:upstream_gene:MODIFIER::c.-2728T>C:', 1),
(1502204, 'chr2', 48030692, 48030692, 'T', 'A', 'rs2020910', 0.0493, 0.02, 0.0016, 'MSH6,FBXO11', 'synonymous,downstream_gene', 'MSH6:NM_000179.2:synonymous:LOW:exon5/10:c.3306T>A:p.Thr1102Thr,MSH6:NM_001281492.1:synonymous:LOW:exon3/8:c.2916T>A:p.Thr972Thr,MSH6:NM_001281493.1:synonymous:LOW:exon4/9:c.2400T>A:p.Thr800Thr,MSH6:NM_001281494.1:synonymous:LOW:exon5/10:c.2400T>A:p.Thr800Thr,FBXO11:NM_001190274.1:downstream_gene:MODIFIER::c.*4565A>T:,FBXO11:NM_025133.4:downstream_gene:MODIFIER::c.*4565A>T:', 1),
(2032063, 'chr3', 142188337, 142188337, 'A', 'C', 'rs28910273', 0.002, 0.0033, 0.0069, 'ATR', 'missense', 'ATR:NM_001184.3:missense:MODERATE:exon38/47:c.6394T>G:p.Tyr2132Asp', 1),
(2105956, 'chr9', 17457513, 17457513, 'A', '-', 'rs35399020;rs397766990', 0.7342, 0.836, 0.9938, 'CNTLN', 'splice_acceptor', 'CNTLN:NM_017738.3:splice_acceptor:HIGH:exon18/25:c.3115-2delA:', 1),
(2134105, 'chr1', 120539331, 120539331, 'C', 'T', 'rs2124109', 0, 0.44, 0, 'NOTCH2', 'intron', 'NOTCH2:NM_024408.3:intron:MODIFIER:exon4/33:c.751+289G>A:,NOTCH2:NM_001200001.1:intron:MODIFIER:exon4/21:c.751+289G>A:', 1),
(2184394, 'chr1', 120611496, 120611496, 'C', 'A', 'rs2794164', 0, 0.074, 0, 'NOTCH2', 'intron', 'NOTCH2:NM_024408.3:intron:MODIFIER:exon1/33:c.73+452G>T:,NOTCH2:NM_001200001.1:intron:MODIFIER:exon1/21:c.73+452G>T:', 1),
(2207224, 'chr2', 220422686, 220422686, 'C', 'T', 'rs72957510', 0.007, 0.0055, 0.0055, 'OBSL1', 'missense,downstream_gene', 'OBSL1:NM_015311.2:missense:MODERATE:exon11/21:c.3649G>A:p.Glu1217Lys,OBSL1:NM_001173431.1:missense:MODERATE:exon11/14:c.3649G>A:p.Glu1217Lys,OBSL1:NM_001173408.1:downstream_gene:MODIFIER::c.*3920G>A:', 1),
(2336573, 'chr5', 131925483, 131925483, 'G', 'C', 'rs55653181', 0.0002, 0.0001, 0, 'RAD50', 'missense', 'RAD50:NM_005732.3:missense:MODERATE:exon9/25:c.1406G>C:p.Gly469Ala', 1),
(2336993, 'chr16', 3639230, 3639230, 'G', 'A', 'rs72778139', 0.0002, 0.0001, 0.0002, 'SLX4', 'missense', 'SLX4:NM_032444.2:missense:MODERATE:exon12/15:c.4409C>T:p.Pro1470Leu', 1),
(2346586, 'chr7', 6037057, 6037057, '-', 'A', 'rs570998668;rs61373265;rs774538869', 0.0264, 0.036, 0, 'PMS2', 'splice_region&intron', 'PMS2:NM_000535.5:splice_region&intron:LOW:exon6/14:c.706-4dupT:,PMS2:NR_003085.2:splice_region&intron:LOW:exon6/14:n.788-4dupT:', 1),
(2407544, 'chr9', 98232224, 98232224, 'A', '-', 'rs779000277', 0, 0.0014, 0.0018, 'PTCH1,LOC100507346', 'splice_region&intron,non_coding_exon', 'PTCH1:NM_000264.3:splice_region&intron:LOW:exon12/23:c.1729-11delT:,PTCH1:NM_001083607.1:splice_region&intron:LOW:exon12/23:c.1276-11delT:,PTCH1:NM_001083606.1:splice_region&intron:LOW:exon12/23:c.1276-11delT:,PTCH1:NM_001083604.1:splice_region&intron:LOW:exon12/23:c.1276-11delT:,PTCH1:NM_001083605.1:splice_region&intron:LOW:exon12/23:c.1276-11delT:,PTCH1:NM_001083602.1:splice_region&intron:LOW:exon12/23:c.1531-11delT:,PTCH1:NM_001083603.1:splice_region&intron:LOW:exon12/23:c.1726-11delT:,LOC100507346:NR_038982.1:non_coding_exon:MODIFIER:exon4/4:n.1887delA:', 1);

INSERT INTO `detected_variant` (`id`, `processed_sample_id`, `variant_id`, `genotype`, `quality`, `comment`, `report`) VALUES
(74753148, 3999, 6, 'hom', 'QUAL=37406;DP=1133;AF=1.00;MQM=60', NULL, 0),
(74753180, 3999, 405, 'het', 'QUAL=7570;DP=555;AF=0.54;MQM=60', NULL, 0),
(74753119, 3999, 447, 'het', 'QUAL=5139;DP=417;AF=0.49;MQM=60', NULL, 0),
(74753061, 3999, 199842, 'hom', 'QUAL=1165;DP=37;AF=1.00;MQM=60', NULL, 0),
(74753063, 3999, 199843, 'hom', 'QUAL=38096;DP=1194;AF=1.00;MQM=60', NULL, 0),
(74753064, 3999, 199844, 'hom', 'QUAL=35217;DP=1128;AF=1.00;MQM=60', NULL, 0),
(74753065, 3999, 199845, 'hom', 'QUAL=35517;DP=1118;AF=1.00;MQM=60', NULL, 0),
(74753066, 3999, 199846, 'hom', 'QUAL=5507;DP=180;AF=1.00;MQM=60', NULL, 0),
(74753073, 3999, 200567, 'het', 'QUAL=1753;DP=127;AF=0.55;MQM=60', NULL, 0),
(74753077, 3999, 200575, 'het', 'QUAL=16500;DP=1927;AF=0.38;MQM=58', NULL, 0),
(74753147, 3999, 203397, 'hom', 'QUAL=16173;DP=519;AF=1.00;MQM=59', NULL, 0),
(74753150, 3999, 204170, 'hom', 'QUAL=9672;DP=384;AF=1.00;MQM=60', NULL, 0),
(74753151, 3999, 204172, 'het', 'QUAL=14781;DP=1165;AF=0.49;MQM=60', NULL, 0),
(74753152, 3999, 204173, 'hom', 'QUAL=59072;DP=1845;AF=1.00;MQM=60', NULL, 0),
(74753153, 3999, 206534, 'hom', 'QUAL=8047;DP=246;AF=1.00;MQM=60', NULL, 0),
(74753154, 3999, 206535, 'hom', 'QUAL=6502;DP=200;AF=1.00;MQM=60', NULL, 0),
(74753156, 3999, 207343, 'het', 'QUAL=388;DP=30;AF=0.53;MQM=60', NULL, 0),
(74753157, 3999, 207345, 'hom', 'QUAL=14140;DP=443;AF=1.00;MQM=60', NULL, 0),
(74753158, 3999, 207750, 'hom', 'QUAL=1961;DP=59;AF=1.00;MQM=60', NULL, 0),
(74753159, 3999, 210578, 'het', 'QUAL=802;DP=71;AF=0.48;MQM=60', NULL, 0),
(74753160, 3999, 210580, 'hom', 'QUAL=31771;DP=973;AF=1.00;MQM=60', NULL, 0),
(74753161, 3999, 210582, 'hom', 'QUAL=857;DP=26;AF=1.00;MQM=60', NULL, 0),
(74753162, 3999, 210584, 'het', 'QUAL=445;DP=35;AF=0.54;MQM=60', NULL, 0),
(74753163, 3999, 210585, 'hom', 'QUAL=19168;DP=582;AF=1.00;MQM=60', NULL, 0),
(74753167, 3999, 213346, 'het', 'QUAL=1599;DP=130;AF=0.47;MQM=60', NULL, 0),
(74753168, 3999, 213347, 'hom', 'QUAL=19889;DP=624;AF=1.00;MQM=60', NULL, 0),
(74753169, 3999, 213349, 'hom', 'QUAL=30103;DP=949;AF=1.00;MQM=60', NULL, 0),
(74753171, 3999, 213350, 'hom', 'QUAL=3605;DP=116;AF=1.00;MQM=60', NULL, 0),
(74753172, 3999, 214723, 'het', 'QUAL=1349;DP=100;AF=0.53;MQM=60', NULL, 0),
(74753175, 3999, 215568, 'het', 'QUAL=14733;DP=1126;AF=0.52;MQM=60', NULL, 0),
(74753177, 3999, 216149, 'het', 'QUAL=12772;DP=1034;AF=0.48;MQM=60', NULL, 0),
(74753179, 3999, 216155, 'het', 'QUAL=9347;DP=724;AF=0.50;MQM=60', NULL, 0),
(74753181, 3999, 217254, 'hom', 'QUAL=2514;DP=83;AF=1.00;MQM=60', NULL, 0),
(74753191, 3999, 218033, 'hom', 'QUAL=7595;DP=305;AF=1.00;MQM=60', NULL, 0),
(74753192, 3999, 218034, 'hom', 'QUAL=369;DP=12;AF=1.00;MQM=60', NULL, 0),
(74753193, 3999, 218035, 'hom', 'QUAL=3654;DP=113;AF=1.00;MQM=60', NULL, 0),
(74753081, 3999, 222995, 'hom', 'QUAL=3025;DP=91;AF=1.00;MQM=60', NULL, 0),
(74753082, 3999, 222996, 'hom', 'QUAL=959;DP=29;AF=1.00;MQM=60', NULL, 0),
(74753083, 3999, 222997, 'hom', 'QUAL=3044;DP=93;AF=1.00;MQM=60', NULL, 0),
(74753089, 3999, 225333, 'het', 'QUAL=3035;DP=109;AF=0.55;MQM=60', NULL, 0),
(74753090, 3999, 225334, 'hom', 'QUAL=3035;DP=109;AF=0.55;MQM=60', NULL, 0),
(74753091, 3999, 225336, 'het', 'QUAL=1090;DP=79;AF=0.53;MQM=60', NULL, 0),
(74753092, 3999, 225337, 'het', 'QUAL=8449;DP=775;AF=0.49;MQM=60', NULL, 0),
(74753093, 3999, 225526, 'hom', 'QUAL=1036;DP=33;AF=1.00;MQM=60', NULL, 0),
(74753094, 3999, 225528, 'hom', 'QUAL=4440;DP=146;AF=1.00;MQM=60', NULL, 0),
(74753095, 3999, 225529, 'hom', 'QUAL=14155;DP=460;AF=1.00;MQM=60', NULL, 0),
(74753096, 3999, 225530, 'hom', 'QUAL=21446;DP=685;AF=1.00;MQM=60', NULL, 0),
(74753097, 3999, 225532, 'hom', 'QUAL=1331;DP=50;AF=1.00;MQM=60', NULL, 0),
(74753098, 3999, 225533, 'hom', 'QUAL=23309;DP=726;AF=1.00;MQM=60', NULL, 0),
(74753100, 3999, 225536, 'hom', 'QUAL=23903;DP=748;AF=1.00;MQM=60', NULL, 0),
(74753101, 3999, 225541, 'hom', 'QUAL=23604;DP=730;AF=1.00;MQM=60', NULL, 0),
(74753102, 3999, 225543, 'hom', 'QUAL=20206;DP=634;AF=1.00;MQM=60', NULL, 0),
(74753105, 3999, 229029, 'het', 'QUAL=95;DP=144;AF=0.21;MQM=39', NULL, 0),
(74753108, 3999, 230800, 'hom', 'QUAL=1579;DP=48;AF=1.00;MQM=60', NULL, 0),
(74753109, 3999, 230801, 'het', 'QUAL=1051;DP=77;AF=0.55;MQM=60', NULL, 0),
(74753112, 3999, 230806, 'het', 'QUAL=3122;DP=267;AF=0.46;MQM=60', NULL, 0),
(74753113, 3999, 230807, 'het', 'QUAL=6530;DP=524;AF=0.48;MQM=60', NULL, 0),
(74753115, 3999, 234144, 'hom', 'QUAL=27930;DP=894;AF=1.00;MQM=60', NULL, 0),
(74753117, 3999, 234361, 'het', 'QUAL=1631;DP=181;AF=0.41;MQM=60', NULL, 0),
(74753118, 3999, 234362, 'het', 'QUAL=2508;DP=177;AF=0.51;MQM=60', NULL, 0),
(74753120, 3999, 234365, 'het', 'QUAL=236;DP=25;AF=0.52;MQM=60', NULL, 0),
(74753121, 3999, 234366, 'het', 'QUAL=3243;DP=259;AF=0.49;MQM=60', NULL, 0),
(74753122, 3999, 234367, 'het', 'QUAL=4232;DP=367;AF=0.45;MQM=60', NULL, 0),
(74753123, 3999, 234368, 'het', 'QUAL=9859;DP=804;AF=0.48;MQM=60', NULL, 0),
(74753125, 3999, 235808, 'het', 'QUAL=855;DP=96;AF=0.40;MQM=60', NULL, 0),
(74753126, 3999, 237622, 'hom', 'QUAL=523;DP=21;AF=1.00;MQM=59', NULL, 0),
(74753127, 3999, 237626, 'hom', 'QUAL=714;DP=22;AF=1.00;MQM=60', NULL, 0),
(74753129, 3999, 239025, 'hom', 'QUAL=28311;DP=899;AF=1.00;MQM=60', NULL, 0),
(74753130, 3999, 239327, 'hom', 'QUAL=4871;DP=163;AF=0.99;MQM=60', NULL, 0),
(74753131, 3999, 239334, 'hom', 'QUAL=10074;DP=347;AF=1.00;MQM=59', NULL, 0),
(74753132, 3999, 240595, 'het', 'QUAL=579;DP=46;AF=0.54;MQM=60', NULL, 0),
(74753133, 3999, 240596, 'het', 'QUAL=380;DP=35;AF=0.46;MQM=60', NULL, 0),
(74753134, 3999, 240598, 'het', 'QUAL=337;DP=36;AF=0.42;MQM=60', NULL, 0),
(74753135, 3999, 240600, 'het', 'QUAL=10728;DP=820;AF=0.50;MQM=60', NULL, 0),
(74753136, 3999, 240602, 'het', 'QUAL=102;DP=18;AF=0.39;MQM=60', NULL, 0),
(74753138, 3999, 241479, 'hom', 'QUAL=983;DP=30;AF=1.00;MQM=60', NULL, 0),
(74753144, 3999, 241663, 'hom', 'QUAL=3114;DP=98;AF=1.00;MQM=60', NULL, 0),
(74753060, 3999, 307040, 'het', 'QUAL=3076;DP=228;AF=0.50;MQM=60', NULL, 0),
(74753149, 3999, 307049, 'het', 'QUAL=845;DP=69;AF=0.57;MQM=51', NULL, 0),
(74753170, 3999, 307137, 'het', 'QUAL=3276;DP=203;AF=0.59;MQM=60', NULL, 0),
(74753174, 3999, 307158, 'hom', 'QUAL=3989;DP=125;AF=1.00;MQM=60', NULL, 0),
(74753176, 3999, 307173, 'het', 'QUAL=825;DP=92;AF=0.40;MQM=60', NULL, 0),
(74753178, 3999, 307180, 'hom', 'QUAL=6693;DP=199;AF=1.00;MQM=60', NULL, 0),
(74753184, 3999, 307218, 'het', 'QUAL=4306;DP=414;AF=0.46;MQM=60', NULL, 0),
(74753185, 3999, 307223, 'het', 'QUAL=320;DP=32;AF=0.47;MQM=60', NULL, 0),
(74753186, 3999, 307225, 'het', 'QUAL=4690;DP=347;AF=0.49;MQM=60', NULL, 0),
(74753187, 3999, 307226, 'het', 'QUAL=10732;DP=958;AF=0.48;MQM=60', NULL, 0),
(74753188, 3999, 307227, 'het', 'QUAL=2115;DP=128;AF=0.59;MQM=60', NULL, 0),
(74753189, 3999, 307228, 'het', 'QUAL=1541;DP=126;AF=0.46;MQM=60', NULL, 0),
(74753190, 3999, 307229, 'het', 'QUAL=458;DP=60;AF=0.43;MQM=60', NULL, 0),
(74753085, 3999, 307268, 'het', 'QUAL=747;DP=41;AF=0.73;MQM=60', NULL, 0),
(74753086, 3999, 307285, 'het', 'QUAL=142;DP=14;AF=0.50;MQM=60', NULL, 0),
(74753088, 3999, 307299, 'het', 'QUAL=261;DP=27;AF=0.44;MQM=60', NULL, 0),
(74753104, 3999, 307332, 'het', 'QUAL=2150;DP=292;AF=0.43;MQM=60', NULL, 0),
(74753106, 3999, 307339, 'het', 'QUAL=1264;DP=74;AF=0.64;MQM=60', NULL, 0),
(74753107, 3999, 307347, 'het', 'QUAL=9023;DP=767;AF=0.47;MQM=60', NULL, 0),
(74753114, 3999, 307371, 'het', 'QUAL=420;DP=38;AF=0.47;MQM=60', NULL, 0),
(74753116, 3999, 307379, 'hom', 'QUAL=3731;DP=111;AF=1.00;MQM=60', NULL, 0),
(74753143, 3999, 307440, 'het', 'QUAL=264;DP=50;AF=0.46;MQM=60', NULL, 0),
(74753145, 3999, 307447, 'het', 'QUAL=1177;DP=67;AF=0.69;MQM=60', NULL, 0),
(74753155, 3999, 309268, 'het', 'QUAL=160;DP=14;AF=0.57;MQM=60', NULL, 0),
(74753183, 3999, 311040, 'het', 'QUAL=1498;DP=114;AF=0.51;MQM=60', NULL, 0),
(74753194, 3999, 311089, 'het', 'QUAL=1227;DP=106;AF=0.47;MQM=60', NULL, 0),
(74753195, 3999, 311090, 'het', 'QUAL=6271;DP=526;AF=0.47;MQM=60', NULL, 0),
(74753166, 3999, 313463, 'het', 'QUAL=367;DP=58;AF=0.43;MQM=60', NULL, 0),
(74753182, 3999, 313480, 'hom', 'QUAL=2514;DP=84;AF=1.00;MQM=60', NULL, 0),
(74753165, 3999, 313553, 'het', 'QUAL=12755;DP=948;AF=0.51;MQM=60', NULL, 0),
(74753111, 3999, 555378, 'het', 'QUAL=3568;DP=347;AF=0.51;MQM=60', NULL, 0),
(74753059, 3999, 564081, 'het', 'QUAL=9672;DP=722;AF=0.51;MQM=60', NULL, 0),
(74753062, 3999, 564637, 'het', 'QUAL=1311;DP=117;AF=0.44;MQM=60', NULL, 0),
(74753068, 3999, 564643, 'hom', 'QUAL=1817;DP=62;AF=1.00;MQM=60', NULL, 0),
(74753069, 3999, 564644, 'het', 'QUAL=1754;DP=140;AF=0.49;MQM=60', NULL, 0),
(74753070, 3999, 564645, 'het', 'QUAL=1442;DP=119;AF=0.49;MQM=60', NULL, 0),
(74753076, 3999, 565154, 'het', 'QUAL=4745;DP=1920;AF=0.21;MQM=47', NULL, 0),
(74753078, 3999, 565156, 'het', 'QUAL=3784;DP=2016;AF=0.19;MQM=47', NULL, 1),
(74753080, 3999, 565159, 'het', 'QUAL=3633;DP=1994;AF=0.20;MQM=47', NULL, 0),
(74753103, 3999, 586510, 'het', 'QUAL=364;DP=18;AF=0.83;MQM=60', NULL, 0),
(74753140, 3999, 599471, 'hom', 'QUAL=3131;DP=97;AF=1.00;MQM=60', NULL, 0),
(74753141, 3999, 599473, 'hom', 'QUAL=12082;DP=378;AF=1.00;MQM=60', NULL, 0),
(74753071, 3999, 603008, 'hom', 'QUAL=7261;DP=230;AF=1.00;MQM=60', NULL, 0),
(74753072, 3999, 603009, 'hom', 'QUAL=7261;DP=230;AF=1.00;MQM=60', NULL, 0),
(74753137, 3999, 639841, 'het', 'QUAL=1135;DP=63;AF=0.71;MQM=60', NULL, 0),
(74753067, 3999, 643627, 'het', 'QUAL=11203;DP=857;AF=0.52;MQM=60', NULL, 0),
(74753079, 3999, 644295, 'het', 'QUAL=18427;DP=2004;AF=0.39;MQM=58', NULL, 0),
(74753084, 3999, 666218, 'hom', 'QUAL=3585;DP=111;AF=1.00;MQM=60', NULL, 0),
(74753139, 3999, 683610, 'hom', 'QUAL=1754;DP=55;AF=1.00;MQM=60', NULL, 0),
(74753164, 3999, 1447293, 'het', 'QUAL=596;DP=52;AF=0.48;MQM=60', NULL, 0),
(74753087, 3999, 1502204, 'het', 'QUAL=246;DP=17;AF=0.65;MQM=60', NULL, 0),
(74753110, 3999, 2032063, 'het', 'QUAL=9938;DP=680;AF=0.56;MQM=60', NULL, 0),
(74753142, 3999, 2105956, 'hom', 'QUAL=104;DP=4;AF=1.00;MQM=60', NULL, 0),
(74753074, 3999, 2134105, 'het', 'QUAL=24962;DP=1886;AF=0.52;MQM=49', NULL, 0),
(74753075, 3999, 2184394, 'het', 'QUAL=275;DP=41;AF=0.49;MQM=47', NULL, 0),
(74753099, 3999, 2207224, 'het', 'QUAL=525;DP=62;AF=0.44;MQM=60', NULL, 0),
(74753124, 3999, 2336573, 'het', 'QUAL=814;DP=67;AF=0.49;MQM=60', NULL, 1),
(74753173, 3999, 2336993, 'het', 'QUAL=1405;DP=109;AF=0.49;MQM=60', NULL, 1),
(74753128, 3999, 2346586, 'het', 'QUAL=161;DP=23;AF=0.48;MQM=60', NULL, 0),
(74753146, 3999, 2407544, 'het', 'QUAL=260;DP=57;AF=0.53;MQM=60', NULL, 0);