
INSERT INTO `gene` (`id`, `hgnc_id`, `symbol`, `name`, `type`) VALUES
(103861, 1000, 'PRKN', 'parkin RBR E3 ubiquitin protein ligase', 'protein-coding gene'),
(95404, 2000, 'LRRK2', 'leucine-rich repeat kinase 2', 'protein-coding gene'),
(88681, 3000, 'GBA', 'glucosidase, beta, acid', 'protein-coding gene');

INSERT INTO `gene_transcript` (`id`, `gene_id`, `name`, `source`, `chromosome`, `start_coding`, `end_coding`, `strand`) VALUES
(357851, 88681, 'ENST00000327247', 'ensembl', '1', 155204786, 155210903, '-'),
(357852, 88681, 'CCDS1102.1', 'ccds', '1', 155204786, 155210903, '-'),
(357853, 88681, 'ENST00000368373', 'ensembl', '1', 155204786, 155210903, '-'),
(357854, 88681, 'ENST00000427500', 'ensembl', '1', 155204786, 155210903, '-'),
(357855, 88681, 'CCDS53374.1', 'ccds', '1', 155204786, 155210903, '-'),
(357856, 88681, 'ENST00000428024', 'ensembl', '1', 155204786, 155209722, '-'),
(357857, 88681, 'CCDS53373.1', 'ccds', '1', 155204786, 155209722, '-'),
(357858, 88681, 'ENST00000536770', 'ensembl', '1', 155204786, 155210903, '-'),
(373483, 95404, 'ENST00000298910', 'ensembl', '12', 40618934, 40761567, '+'),
(373484, 95404, 'CCDS31774.1', 'ccds', '12', 40618934, 40761567, '+'),
(373485, 95404, 'ENST00000343742', 'ensembl', '12', 40618934, 40697975, '+'),
(436613, 103861, 'CCDS5281.1', 'ccds', '6', 161771131, 163148700, '-'),
(436611, 103861, 'CCDS5282.1', 'ccds', '6', 161771131, 163148700, '-'),
(436609, 103861, 'CCDS5283.1', 'ccds', '6', 161771131, 163148700, '-'),
(436605, 103861, 'ENST00000338468', 'ensembl', '6', 161771131, 162475167, '-'),
(436606, 103861, 'ENST00000366892', 'ensembl', '6', 161966446, 163148700, '-'),
(436607, 103861, 'ENST00000366894', 'ensembl', '6', 161771131, 162475167, '-'),
(436608, 103861, 'ENST00000366896', 'ensembl', '6', 161771131, 163148700, '-'),
(436610, 103861, 'ENST00000366897', 'ensembl', '6', 161771131, 163148700, '-'),
(436612, 103861, 'ENST00000366898', 'ensembl', '6', 161771131, 163148700, '-');

INSERT INTO `gene_exon` (`transcript_id`, `start`, `end`) VALUES
(357851, 155204243, 155204891),
(357851, 155204986, 155205102),
(357851, 155205472, 155205635),
(357851, 155206036, 155206260),
(357851, 155207132, 155207369),
(357851, 155207925, 155208097),
(357851, 155208308, 155208441),
(357851, 155209407, 155209553),
(357851, 155209677, 155209868),
(357851, 155210421, 155210508),
(357851, 155210877, 155210971),
(357851, 155214297, 155214461),
(357852, 155204786, 155204891),
(357852, 155204986, 155205102),
(357852, 155205472, 155205635),
(357852, 155206036, 155206260),
(357852, 155207132, 155207369),
(357852, 155207925, 155208097),
(357852, 155208308, 155208441),
(357852, 155209407, 155209553),
(357852, 155209677, 155209868),
(357852, 155210421, 155210508),
(357852, 155210877, 155210903),
(357853, 155204243, 155204891),
(357853, 155204986, 155205102),
(357853, 155205472, 155205635),
(357853, 155206036, 155206260),
(357853, 155207132, 155207369),
(357853, 155207925, 155208097),
(357853, 155208308, 155208441),
(357853, 155209407, 155209553),
(357853, 155209677, 155209868),
(357853, 155210421, 155210508),
(357853, 155210877, 155211025),
(357854, 155204350, 155204891),
(357854, 155204986, 155205102),
(357854, 155205472, 155205635),
(357854, 155206036, 155206260),
(357854, 155207132, 155207369),
(357854, 155207925, 155208097),
(357854, 155208308, 155208441),
(357854, 155209677, 155209868),
(357854, 155210421, 155210508),
(357854, 155210877, 155211066),
(357855, 155204786, 155204891),
(357855, 155204986, 155205102),
(357855, 155205472, 155205635),
(357855, 155206036, 155206260),
(357855, 155207132, 155207369),
(357855, 155207925, 155208097),
(357855, 155208308, 155208441),
(357855, 155209677, 155209868),
(357855, 155210421, 155210508),
(357855, 155210877, 155210903),
(357856, 155204659, 155204891),
(357856, 155204986, 155205102),
(357856, 155205472, 155205635),
(357856, 155206036, 155206260),
(357856, 155207132, 155207369),
(357856, 155207925, 155208097),
(357856, 155208308, 155208441),
(357856, 155209407, 155209553),
(357856, 155209677, 155209868),
(357856, 155214297, 155214490),
(357857, 155204786, 155204891),
(357857, 155204986, 155205102),
(357857, 155205472, 155205635),
(357857, 155206036, 155206260),
(357857, 155207132, 155207369),
(357857, 155207925, 155208097),
(357857, 155208308, 155208441),
(357857, 155209407, 155209553),
(357857, 155209677, 155209722),
(357858, 155204520, 155204891),
(357858, 155204986, 155205102),
(357858, 155205472, 155205635),
(357858, 155206036, 155206260),
(357858, 155207132, 155207369),
(357858, 155207925, 155208097),
(357858, 155208308, 155208441),
(357858, 155210421, 155210508),
(357858, 155210877, 155211017),
(373483, 40618876, 40619084),
(373483, 40619357, 40619442),
(373483, 40626076, 40626185),
(373483, 40629428, 40629516),
(373483, 40631771, 40631905),
(373483, 40634285, 40634419),
(373483, 40637352, 40637483),
(373483, 40643628, 40643747),
(373483, 40645034, 40645176),
(373483, 40645267, 40645346),
(373483, 40646712, 40646818),
(373483, 40651050, 40651179),
(373483, 40653282, 40653406),
(373483, 40657591, 40657703),
(373483, 40668385, 40668529),
(373483, 40668656, 40668795),
(373483, 40671690, 40671818),
(373483, 40671893, 40672063),
(373483, 40677677, 40677935),
(373483, 40681153, 40681341),
(373483, 40687347, 40687465),
(373483, 40688647, 40688716),
(373483, 40689229, 40689446),
(373483, 40692045, 40692295),
(373483, 40692911, 40693059),
(373483, 40696591, 40696684),
(373483, 40697750, 40697936),
(373483, 40699587, 40699768),
(373483, 40702269, 40702498),
(373483, 40702908, 40703035),
(373483, 40704233, 40704451),
(373483, 40707774, 40707975),
(373483, 40709014, 40709102),
(373483, 40713790, 40713977),
(373483, 40714836, 40714990),
(373483, 40715837, 40715983),
(373483, 40716121, 40716312),
(373483, 40716962, 40717108),
(373483, 40722162, 40722262),
(373483, 40728769, 40728959),
(373483, 40734096, 40734256),
(373483, 40740555, 40740725),
(373483, 40742211, 40742311),
(373483, 40745341, 40745535),
(373483, 40748101, 40748294),
(373483, 40749917, 40749989),
(373483, 40753062, 40753246),
(373483, 40757204, 40757356),
(373483, 40758644, 40758852),
(373483, 40760808, 40760879),
(373483, 40761446, 40763083),
(373484, 40618934, 40619084),
(373484, 40619357, 40619442),
(373484, 40626076, 40626185),
(373484, 40629428, 40629516),
(373484, 40631771, 40631905),
(373484, 40634285, 40634419),
(373484, 40637352, 40637483),
(373484, 40643628, 40643747),
(373484, 40645034, 40645176),
(373484, 40645267, 40645346),
(373484, 40646712, 40646818),
(373484, 40651050, 40651179),
(373484, 40653282, 40653406),
(373484, 40657591, 40657703),
(373484, 40668385, 40668529),
(373484, 40668656, 40668795),
(373484, 40671690, 40671818),
(373484, 40671893, 40672063),
(373484, 40677677, 40677935),
(373484, 40681153, 40681341),
(373484, 40687347, 40687465),
(373484, 40688647, 40688716),
(373484, 40689229, 40689446),
(373484, 40692045, 40692295),
(373484, 40692911, 40693059),
(373484, 40696591, 40696684),
(373484, 40697750, 40697936),
(373484, 40699587, 40699768),
(373484, 40702269, 40702498),
(373484, 40702908, 40703035),
(373484, 40704233, 40704451),
(373484, 40707774, 40707975),
(373484, 40709014, 40709102),
(373484, 40713790, 40713977),
(373484, 40714836, 40714990),
(373484, 40715837, 40715983),
(373484, 40716121, 40716312),
(373484, 40716962, 40717108),
(373484, 40722162, 40722262),
(373484, 40728769, 40728959),
(373484, 40734096, 40734256),
(373484, 40740555, 40740725),
(373484, 40742211, 40742311),
(373484, 40745341, 40745535),
(373484, 40748101, 40748294),
(373484, 40749917, 40749989),
(373484, 40753062, 40753246),
(373484, 40757204, 40757356),
(373484, 40758644, 40758852),
(373484, 40760808, 40760879),
(373484, 40761446, 40761567),
(373485, 40618813, 40619084),
(373485, 40619357, 40619442),
(373485, 40626076, 40626185),
(373485, 40629428, 40629516),
(373485, 40631771, 40631905),
(373485, 40634285, 40634419),
(373485, 40637352, 40637483),
(373485, 40643628, 40643747),
(373485, 40645034, 40645176),
(373485, 40645267, 40645346),
(373485, 40646712, 40646818),
(373485, 40651050, 40651179),
(373485, 40653282, 40653406),
(373485, 40657591, 40657703),
(373485, 40668385, 40668529),
(373485, 40668656, 40668795),
(373485, 40671690, 40671818),
(373485, 40671893, 40672063),
(373485, 40677677, 40677935),
(373485, 40681153, 40681341),
(373485, 40687347, 40687465),
(373485, 40688647, 40688716),
(373485, 40689229, 40689446),
(373485, 40692045, 40692295),
(373485, 40692911, 40693059),
(373485, 40696591, 40696684),
(373485, 40697750, 40698778),
(436605, 161771131, 161771243),
(436605, 161781120, 161781237),
(436605, 161807826, 161807909),
(436605, 161969886, 161970035),
(436605, 161990387, 161990448),
(436605, 162206804, 162206940),
(436605, 162394334, 162394449),
(436605, 162475123, 162475206),
(436605, 162683557, 162683797),
(436605, 162864342, 162864505),
(436605, 163148694, 163148700),
(436606, 161966144, 161966469),
(436606, 161969886, 161970035),
(436606, 161990387, 161990448),
(436606, 162206804, 162206940),
(436606, 162394334, 162394449),
(436606, 162475123, 162475206),
(436606, 162622163, 162622284),
(436606, 162683557, 162683797),
(436606, 162864342, 162864505),
(436606, 163148694, 163148796),
(436607, 161771131, 161771243),
(436607, 161781120, 161781237),
(436607, 161807826, 161807909),
(436607, 161969886, 161970035),
(436607, 161990387, 161990448),
(436607, 162206804, 162206940),
(436607, 162394334, 162394449),
(436607, 162475123, 162475206),
(436607, 162622163, 162622284),
(436607, 162864342, 162864505),
(436607, 163148694, 163148700),
(436608, 161769671, 161771243),
(436608, 161781120, 161781237),
(436608, 161807826, 161807909),
(436608, 161969886, 161970035),
(436608, 161990387, 161990448),
(436608, 162206804, 162206940),
(436608, 162394334, 162394449),
(436608, 162864342, 162864505),
(436608, 163148694, 163148803),
(436609, 161771131, 161771243),
(436609, 161781120, 161781237),
(436609, 161807826, 161807909),
(436609, 161969886, 161970035),
(436609, 161990387, 161990448),
(436609, 162206804, 162206940),
(436609, 162394334, 162394449),
(436609, 162864342, 162864505),
(436609, 163148694, 163148700),
(436610, 161769671, 161771243),
(436610, 161781120, 161781237),
(436610, 161807826, 161807909),
(436610, 161969886, 161970035),
(436610, 161990387, 161990448),
(436610, 162206804, 162206940),
(436610, 162394334, 162394449),
(436610, 162622163, 162622284),
(436610, 162683557, 162683797),
(436610, 162864342, 162864505),
(436610, 163148694, 163148803),
(436611, 161771131, 161771243),
(436611, 161781120, 161781237),
(436611, 161807826, 161807909),
(436611, 161969886, 161970035),
(436611, 161990387, 161990448),
(436611, 162206804, 162206940),
(436611, 162394334, 162394449),
(436611, 162622163, 162622284),
(436611, 162683557, 162683797),
(436611, 162864342, 162864505),
(436611, 163148694, 163148700),
(436612, 161768452, 161771243),
(436612, 161781120, 161781237),
(436612, 161807826, 161807909),
(436612, 161969886, 161970035),
(436612, 161990387, 161990448),
(436612, 162206804, 162206940),
(436612, 162394334, 162394449),
(436612, 162475123, 162475206),
(436612, 162622163, 162622284),
(436612, 162683557, 162683797),
(436612, 162864342, 162864505),
(436612, 163148694, 163148803),
(436613, 161771131, 161771243),
(436613, 161781120, 161781237),
(436613, 161807826, 161807909),
(436613, 161969886, 161970035),
(436613, 161990387, 161990448),
(436613, 162206804, 162206940),
(436613, 162394334, 162394449),
(436613, 162475123, 162475206),
(436613, 162622163, 162622284),
(436613, 162683557, 162683797),
(436613, 162864342, 162864505),
(436613, 163148694, 163148700);