-- MySQL dump 10.13  Distrib 5.5.41, for debian-linux-gnu (x86_64)
--
-- Host: localhost    Database: hgmd_phenbase
-- ------------------------------------------------------
-- Server version	5.5.41-0ubuntu0.12.04.1-log

/*!40101 SET @OLD_CHARACTER_SET_CLIENT=@@CHARACTER_SET_CLIENT */;
/*!40101 SET @OLD_CHARACTER_SET_RESULTS=@@CHARACTER_SET_RESULTS */;
/*!40101 SET @OLD_COLLATION_CONNECTION=@@COLLATION_CONNECTION */;
/*!40101 SET NAMES utf8 */;
/*!40103 SET @OLD_TIME_ZONE=@@TIME_ZONE */;
/*!40103 SET TIME_ZONE='+00:00' */;
/*!40014 SET @OLD_UNIQUE_CHECKS=@@UNIQUE_CHECKS, UNIQUE_CHECKS=0 */;
/*!40014 SET @OLD_FOREIGN_KEY_CHECKS=@@FOREIGN_KEY_CHECKS, FOREIGN_KEY_CHECKS=0 */;
/*!40101 SET @OLD_SQL_MODE=@@SQL_MODE, SQL_MODE='NO_AUTO_VALUE_ON_ZERO' */;
/*!40111 SET @OLD_SQL_NOTES=@@SQL_NOTES, SQL_NOTES=0 */;

--
-- Table structure for table `concept`
--

DROP TABLE IF EXISTS `concept`;
/*!40101 SET @saved_cs_client     = @@character_set_client */;
/*!40101 SET character_set_client = utf8 */;
CREATE TABLE `concept` (
  `cui` char(10) COLLATE utf8_unicode_ci DEFAULT NULL,
  `str` text COLLATE utf8_unicode_ci,
  `sab` varchar(20) COLLATE utf8_unicode_ci DEFAULT NULL,
  `code` varchar(100) COLLATE utf8_unicode_ci DEFAULT NULL,
  `aui` varchar(15) COLLATE utf8_unicode_ci NOT NULL DEFAULT '',
  `ispref` char(1) COLLATE utf8_unicode_ci DEFAULT NULL,
  `ts` char(1) COLLATE utf8_unicode_ci NOT NULL,
  `tty` varchar(20) COLLATE utf8_unicode_ci NOT NULL,
  `stt` varchar(3) COLLATE utf8_unicode_ci NOT NULL,
  `lat` char(3) COLLATE utf8_unicode_ci DEFAULT NULL,
  PRIMARY KEY (`aui`),
  KEY `cui` (`cui`),
  KEY `sab` (`sab`),
  KEY `code` (`code`),
  KEY `str` (`str`(30)),
  KEY `tty` (`tty`),
  KEY `ts` (`ts`)
) ENGINE=MyISAM DEFAULT CHARSET=utf8 COLLATE=utf8_unicode_ci;
/*!40101 SET character_set_client = @saved_cs_client */;

--
-- Dumping data for table `concept`
--

LOCK TABLES `concept` WRITE;
/*!40000 ALTER TABLE `concept` DISABLE KEYS */;
INSERT INTO `concept` VALUES ('C0007124','Ductal carcinoma in situ','HPO','HP:0030075','A24683771','N','S','PT','VC','ENG'),('C0178421','Fibroadenoma of the breast','HPO','HP:0010619','A26513431','Y','P','PT','VO','ENG'),('C0178421','Breast fibroadenoma','HPO','HP:0010619','A26513432','Y','P','SY','VO','ENG'),('C0178421','Breast fibroadenomas','HPO','HP:0010619','A26513669','Y','P','SY','VO','ENG'),('C0241764','X-linked inheritance','HPO','HP:0001417','A24682060','N','P','PT','PF','ENG'),('C0241764','X-linked','HPO','HP:0001417','A24682061','N','S','SY','PF','ENG'),('C0241764','X-linked form','HPO','HP:0001417','A26512289','Y','S','ET','PF','ENG'),('C0279563','Lobular carcinoma in situ','HPO','HP:0030076','A24667814','Y','S','PT','VC','ENG'),('C0441748','Autosomal recessive inheritance','HPO','HP:0000007','A24670442','N','P','PT','PF','ENG'),('C0441748','Autosomal recessive','HPO','HP:0000007','A24679491','N','S','SY','PF','ENG'),('C0441748','Autosomal recessive form','HPO','HP:0000007','A26512012','Y','S','ET','PF','ENG'),('C0443147','Autosomal dominant inheritance','HPO','HP:0000006','A24672668','N','P','PT','PF','ENG'),('C0443147','Autosomal dominant','HPO','HP:0000006','A24665780','N','S','SY','PF','ENG'),('C0443147','Autosomal dominant type','HPO','HP:0000006','A26512254','Y','S','ET','PF','ENG'),('C0443147','Autosomal dominant form','HPO','HP:0000006','A26512011','Y','S','ET','PF','ENG'),('C0444868','All','HPO','HP:0000001','A24681708','N','P','PT','PF','ENG'),('C0678222','Breast carcinoma','HPO','HP:0003002','A24682361','Y','P','PT','VC','ENG'),('C0678222','Breast cancer','HPO','HP:0003002','A24666426','Y','S','SY','PF','ENG'),('C0887941','Mitochondrial inheritance','HPO','HP:0001427','A24666131','Y','P','PT','VC','ENG'),('C0887941','Mitochondrial','HPO','HP:0001427','A24682063','Y','S','SY','PF','ENG'),('C1458155','Neoplasm of the breast','HPO','HP:0100013','A24670257','Y','S','PT','VO','ENG'),('C1458155','Breast tumor','HPO','HP:0100013','A27333152','N','S','SY','VO','ENG'),('C1458155','Tumours of the breast','HPO','HP:0100013','A27332282','Y','S','SY','VO','ENG'),('C1458155','Neoplasia of the breast','HPO','HP:0100013','A24667878','Y','S','ET','PF','ENG'),('C1708511','Mode of inheritance','HPO','HP:0000005','A24677233','N','P','PT','PF','ENG'),('C1708511','Inheritance','HPO','HP:0000005','A24665779','Y','S','SY','PF','ENG'),('C1845977','X-linked recessive','HPO','HP:0001419','A26512053','Y','P','SY','VO','ENG'),('C1845977','X-linked recessive inheritance','HPO','HP:0001419','A24675253','Y','S','PT','PF','ENG'),('C1847879','X-linked dominant inheritance','HPO','HP:0001423','A24668437','Y','P','PT','PF','ENG'),('C1847879','X-linked dominant','HPO','HP:0001423','A26512732','Y','S','SY','PF','ENG'),('C2986662','Multifocal breast carcinoma','HPO','HP:0006625','A24680575','Y','P','PT','PF','ENG'),('C2986662','Multifocal breast cancer','HPO','HP:0006625','A24676023','Y','S','SY','PF','ENG'),('C4020686','obsolete Abnormal cardiological findings','HPO','HP:0003114','A24668765','Y','P','OP','PF','ENG'),('C4020899','Autosomal recessive predisposition','HPO','HP:0000007','A24674944','Y','P','ET','PF','ENG');
/*!40000 ALTER TABLE `concept` ENABLE KEYS */;
UNLOCK TABLES;

--
-- Table structure for table `concept_def`
--

DROP TABLE IF EXISTS `concept_def`;
/*!40101 SET @saved_cs_client     = @@character_set_client */;
/*!40101 SET character_set_client = utf8 */;
CREATE TABLE `concept_def` (
  `cui` char(10) COLLATE utf8_unicode_ci NOT NULL DEFAULT '',
  `sab` varchar(20) COLLATE utf8_unicode_ci DEFAULT NULL,
  `def` text COLLATE utf8_unicode_ci,
  `aui` varchar(9) COLLATE utf8_unicode_ci NOT NULL DEFAULT '',
  `atui` varchar(11) COLLATE utf8_unicode_ci NOT NULL DEFAULT '',
  `satui` varchar(50) COLLATE utf8_unicode_ci DEFAULT NULL,
  `suppress` char(1) COLLATE utf8_unicode_ci NOT NULL DEFAULT '',
  PRIMARY KEY (`atui`)
) ENGINE=MyISAM DEFAULT CHARSET=utf8 COLLATE=utf8_unicode_ci;
/*!40101 SET character_set_client = @saved_cs_client */;

--
-- Dumping data for table `concept_def`
--

LOCK TABLES `concept_def` WRITE;
/*!40000 ALTER TABLE `concept_def` DISABLE KEYS */;
/*!40000 ALTER TABLE `concept_def` ENABLE KEYS */;
UNLOCK TABLES;

--
-- Table structure for table `hgmd_mutation`
--

DROP TABLE IF EXISTS `hgmd_mutation`;
/*!40101 SET @saved_cs_client     = @@character_set_client */;
/*!40101 SET character_set_client = utf8 */;
CREATE TABLE `hgmd_mutation` (
  `acc_num` varchar(10) COLLATE utf8_unicode_ci NOT NULL DEFAULT '',
  `gene_sym` varchar(15) COLLATE utf8_unicode_ci DEFAULT NULL,
  `phen_id` int(11) NOT NULL,
  PRIMARY KEY (`acc_num`,`phen_id`),
  KEY `acc_num` (`acc_num`),
  KEY `gene_sym` (`gene_sym`),
  KEY `hgmd_disease` (`phen_id`),
  KEY `acc_num_2` (`acc_num`,`gene_sym`,`phen_id`)
) ENGINE=MyISAM DEFAULT CHARSET=utf8 COLLATE=utf8_unicode_ci;
/*!40101 SET character_set_client = @saved_cs_client */;

--
-- Dumping data for table `hgmd_mutation`
--

LOCK TABLES `hgmd_mutation` WRITE;
/*!40000 ALTER TABLE `hgmd_mutation` DISABLE KEYS */;
INSERT INTO `hgmd_mutation` VALUES ('BM1120885','BRCA2',707040210),('BM1179793','SMAD4',707040210),('BM1181903','USH2A',1353292357),('BM1211321','SLC26A4',341511115),('BM1236118','CHEK2',707040210),('BM1323210','KDM5C',1781127460),('BM1323210','KDM5C',406619643),('BM1444367','ATM',707040210),('BM1447331','BRCA1',707040210),('BM1484556','BARD1',707040210),('BM1494224','BRCA2',707040210),('BM1516712','HCFC1',1137107789),('BM1555050','GJB1',1812307727),('BM1595131','CDHR1',1353292357),('CD0000000','ABCC4',707040210),('CD0000000','ACSL4',1692878486),('CD0000000','ADGRG1',256146117),('CD0000000','ADGRG2',1294068324),('CD0000000','ADGRG2',1781127460),('CD0000000','APC',379988665),('CD0000000','APC',707040210),('CD0000000','ARID1B',2046393891),('CD0000000','ASPM',895881253),('CD0000000','ATG10',895147464),('CD0000000','ATL1',458112376),('CD0000000','ATP6V0A2',1350577742),('CD0000000','BARD1',971833855),('CD0000000','BMPR1A',707040210),('CD0000000','BRCA2',1134646265),('CD0000000','BRCA2',1674803145),('CD0000000','C12orf4',256146117),('CD0000000','C22orf31',256146117),('CD0000000','CCDC170',1183119640),('CD0000000','CDH1',707040210),('CD0000000','CDH23',341511115),('CD0000000','CDK4',600703115),('CD0000000','CERS3',1669820827),('CD0000000','CFTR',996399983),('CD0000000','CHD8',972209679),('CD0000000','CHEK2',1604233547),('CD0000000','CIB2',1586978041),('CD0000000','CLDN14',1311133085),('CD0000000','COL11A2',341511115),('CD0000000','CYP2C19',437306820),('CD0000000','DLL1',373634830),('CD0000000','DNMT1',707040210),('CD0000000','EPCAM',1724977416),('CD0000000','EPCAM',707040210),('CD0000000','EXO1',707040210),('CD0000000','EYS',1353292357),('CD0000000','FA2H',1497758885),('CD0000000','FANCG',707040210),('CD0000000','FANCI',707040210),('CD0000000','FANCM',707040210),('CD0000000','FBXW7',707040210),('CD0000000','FRMD7',2125459074),('CD0000000','FXR1',256146117),('CD0000000','GDAP1',1541952647),('CD0000000','GJB2',341511115),('CD0000000','GNAQ',707040210),('CD0000000','GPR101',294390522),('CD0000000','GRAMD1B',256146117),('CD0000000','GRB7',707040210),('CD0000000','GRIPAP1',1781127460),('CD0000000','HCFC1',2046393891),('CD0000000','HCN2',1230479007),('CD0000000','HTRA2',256146117),('CD0000000','IFT140',1353292357),('CD0000000','ILDR1',1311133085),('CD0000000','ILDR1',1586978041),('CD0000000','KCNQ4',341511115),('CD0000000','L1CAM',99905610),('CD0000000','LDLRAP1',1874405963),('CD0000000','LRP6',386965364),('CD0000000','MC4R',1792172916),('CD0000000','MED23',256146117),('CD0000000','MIR17',707040210),('CD0000000','MLH1',1604233547),('CD0000000','MSH2',707040210),('CD0000000','MSH6',707040210),('CD0000000','MYH14',341511115),('CD0000000','MYH8',256146117),('CD0000000','MYO15A',706711397),('CD0000000','myo7atv3',341511115),('CD0000000','NEB',754614509),('CD0000000','NOTCH3',707040210),('CD0000000','NR2E3',1353292357),('CD0000000','OGG1',615715336),('CD0000000','OPN1MW',923522242),('CD0000000','orf15',383863564),('CD0000000','pcdh15tvi',706711397),('CD0000000','PDE6B',1353292357),('CD0000000','PDE6B',309114950),('CD0000000','PDZD7',341511115),('CD0000000','PIK3CA',707040210),('CD0000000','PJVK',341511115),('CD0000000','PLS3',546177555),('CD0000000','PMS1',707040210),('CD0000000','PMS2',707040210);
INSERT INTO `hgmd_mutation` VALUES ('CD0000000','PNPLA6',1497758885),('CD0000000','POLE',707040210),('CD0000000','POU3F4',341511115),('CD0000000','POU3F4',706711397),('CD0000000','PPM1D',707040210),('CD0000000','PROM1',1353292357),('CD0000000','RAD50',707040210),('CD0000000','RAD51B',707040210),('CD0000000','RAD51D',707040210),('CD0000000','RECQL',707040210),('CD0000000','RLBP1',1353292357),('CD0000000','ROM1',309114950),('CD0000000','RP1',309114950),('CD0000000','RTEL1',707040210),('CD0000000','SERPINF1',354512161),('CD0000000','SIM1',1792172916),('CD0000000','SLC13A5',256146117),('CD0000000','SLC25A5',2046393891),('CD0000000','SLC26A4',706711397),('CD0000000','SLC6A8',1284467492),('CD0000000','SLC9A6',628263653),('CD0000000','smarcad1v4',1271795084),('CD0000000','SMPX',341511115),('CD0000000','SPAST',458112376),('CD0000000','SPG7',1497758885),('CD0000000','STK11',707040210),('CD0000000','SUMF2',256146117),('CD0000000','SYK',1183119640),('CD0000000','TCL1A',707040210),('CD0000000','TECTA',706711397),('CD0000000','TMC1',1436561100),('CD0000000','TMC1',1586978041),('CD0000000','TMC1',706711397),('CD0000000','TMEM222',256146117),('CD0000000','TMPRSS3',1586978041),('CD0000000','TP53',1134646265),('CD0000000','TREX1',827932716),('CD0000000','TRIOBP',1311133085),('CD0000000','UMOD',1666996596),('CD0000000','USH2A',309114950),('CD0000000','USH2A',706711397),('CD0000000','WRN',600703115),('CD0000000','WRN',707040210),('CD0000000','ZC3H14',224981585),('CD0000000','ZFYVE26',256146117),('CD0000001','ABCA12',1669820827),('CD0000001','ABCA4',1353292357),('CD0000001','ABRAXAS1',707040210),('CD0000001','ADGRG1',256146117),('CD0000001','ADGRV1',1586978041),('CD0000001','ADGRV1',706711397),('CD0000001','ALDH18A1',1645175757),('CD0000001','ALDH3A2',256146117),('CD0000001','ALOXE3',1669820827),('CD0000001','AP4S1',256146117),('CD0000001','ASPM',895881253),('CD0000001','ATR',707040210),('CD0000001','AURKA',707040210),('CD0000001','BICD2',805252140),('CD0000001','BMPR2',13616524),('CD0000001','BRIP1',1183119640),('CD0000001','BRIP1',453807763),('CD0000001','BRIP1',971833855),('CD0000001','BRWD3',1692878486),('CD0000001','CACNG7',256146117),('CD0000001','CCDC50',341511115),('CD0000001','CCDC82',256146117),('CD0000001','CDH1',971833855),('CD0000001','cdh23tv6',1436561100),('CD0000001','CDK4',707040210),('CD0000001','CEACAM16',706711397),('CD0000001','CERS3',1669820827),('CD0000001','CFTR',996399983),('CD0000001','CHD8',972209679),('CD0000001','CHEK2',1134646265),('CD0000001','CHEK2',1604233547),('CD0000001','CLCN7',1877774313),('CD0000001','CNGB1',1353292357),('CD0000001','CPA1',996399983),('CD0000001','CRYBB2',1897673036),('CD0000001','CTLA4',216677808),('CD0000001','CWF19L1',256146117),('CD0000001','dcxtv1',256146117),('CD0000001','EPS8L2',341511115),('CD0000001','ERBB2',707040210),('CD0000001','ERCC2',707040210),('CD0000001','EXO1',707040210),('CD0000001','EYA1',341511115),('CD0000001','EYA4',1436561100),('CD0000001','FAM161A',1353292357),('CD0000001','FANCI',707040210),('CD0000001','FGFR2',1724977416),('CD0000001','FRAS1',256146117),('CD0000001','FRMD7',2125459074),('CD0000001','FSCN2',1353292357),('CD0000001','GBA2',1497758885),('CD0000001','GDAP1',1541952647),('CD0000001','GIPC3',706711397),('CD0000001','GPAA1',256146117),('CD0000001','GRB7',707040210);
INSERT INTO `hgmd_mutation` VALUES ('CD0000001','HECW2',1444297257),('CD0000001','IFT140',1353292357),('CD0000001','ILDR1',1311133085),('CD0000001','IMPG2',1353292357),('CD0000001','KCNQ4',341511115),('CD0000001','KIAA1549',1353292357),('CD0000001','LRP5',1311133085),('CD0000001','LRTOMT',341511115),('CD0000001','MAGEA11',1781127460),('CD0000001','MAN1B1',256146117),('CD0000001','MAST1',707040210),('CD0000001','MC4R',1792172916),('CD0000001','MECP2',635852552),('CD0000001','MERTK',1353292357),('CD0000001','MET',707040210),('CD0000001','MIR17HG',707040210),('CD0000001','MKKS',256146117),('CD0000001','MPZL2',1311133085),('CD0000001','MRE11',58829111),('CD0000001','MSH2',707040210),('CD0000001','MSH6',707040210),('CD0000001','muc1tv9',1666996596),('CD0000001','MYH4',256146117),('CD0000001','MYO15A',1311133085),('CD0000001','MYO15A',341511115),('CD0000001','MYO1A',341511115),('CD0000001','MYO6',1436561100),('CD0000001','MYO6',341511115),('CD0000001','MYO7A',341511115),('CD0000001','MYO7A',706711397),('CD0000001','NBN',707040210),('CD0000001','NOD2',707040210),('CD0000001','NPC1',128980012),('CD0000001','NSUN2',604578043),('CD0000001','ogg1tv2d',615715336),('CD0000001','OPN1MW',923522242),('CD0000001','OTOA',341511115),('CD0000001','OTOF',341511115),('CD0000001','p14arf',707040210),('CD0000001','P3H1',354512161),('CD0000001','PALB2',1604233547),('CD0000001','PALB2',389648622),('CD0000001','PALB2',971833855),('CD0000001','PARP2',707040210),('CD0000001','PCARE',1353292357),('CD0000001','PCDH15',341511115),('CD0000001','PLS3',1397448814),('CD0000001','PMS1',707040210),('CD0000001','POLE',707040210),('CD0000001','POU3F4',341511115),('CD0000001','POU4F3',1483725172),('CD0000001','POU4F3',341511115),('CD0000001','PPA2',1787303608),('CD0000001','PQBP1',2046393891),('CD0000001','PRKN',1071184203),('CD0000001','PROM1',1353292357),('CD0000001','PRPF31',1353292357),('CD0000001','PRUNE1',1920979129),('CD0000001','PTCH1',707040210),('CD0000001','PTEN',707040210),('CD0000001','PTPRQ',706711397),('CD0000001','PUS7',256146117),('CD0000001','RAD51D',2025723375),('CD0000001','RASSF1',707040210),('CD0000001','RD3',1108497125),('CD0000001','RECQL4',707040210),('CD0000001','RECQL',707040210),('CD0000001','RNF113A',575266180),('CD0000001','RTEL1',707040210),('CD0000001','SIX1',341511115),('CD0000001','SLC25A16',344322527),('CD0000001','SLC25A5',2046393891),('CD0000001','SLC26A4',1586978041),('CD0000001','SLC9A6',628263653),('CD0000001','slc9a6tv1',628263653),('CD0000001','smarcad1v4',1271795084),('CD0000001','SNRNP200',309114950),('CD0000001','SPAST',458112376),('CD0000001','SPRY2',1295853516),('CD0000001','SPTBN2',256146117),('CD0000001','SRPK3',1781127460),('CD0000001','SYK',1183119640),('CD0000001','SYNRG',256146117),('CD0000001','TBRG1',256146117),('CD0000001','THOC6',1210578199),('CD0000001','TMC1',706711397),('CD0000001','TMEM67',256146117),('CD0000001','TMPRSS3',1311133085),('CD0000001','TMPRSS3',706711397),('CD0000001','TNFRSF1A',1234970904),('CD0000001','TOPORS',309114950),('CD0000001','TSC2',707040210),('CD0000001','UMOD',1666996596),('CD0000001','USH2A',341511115),('CD0000001','USH2A',706711397),('CD0000001','WASHC5',1392219082),('CD0000001','XIAP',1515962966),('CD0000001','ZIC3',955042962),('CD0000002','ABCC12',256146117),('CD0000002','ABCC4',707040210);
INSERT INTO `hgmd_mutation` VALUES ('CD0000002','ABRAXAS1',707040210),('CD0000002','ACTG1',341511115),('CD0000002','ACTRT1',707040210),('CD0000002','ADIPOR1',309114950),('CD0000002','ALDH18A1',256146117),('CD0000002','ALOX12B',1669820827),('CD0000002','APC',707040210),('CD0000002','ARHGAP29',716651056),('CD0000002','ARL13B',256146117),('CD0000002','ARX',1949985143),('CD0000002','AURKA',707040210),('CD0000002','AXIN2',707040210),('CD0000002','BICD2',805252140),('CD0000002','BRCA2',1134646265),('CD0000002','BRIP1',58829111),('CD0000002','C12orf4',256146117),('CD0000002','CCND1',260650632),('CD0000002','CDH1',58829111),('CD0000002','CDK4',707040210),('CD0000002','CEACAM16',706711397),('CD0000002','CHD8',972209679),('CD0000002','CHRDL1',1708264082),('CD0000002','CIB2',706711397),('CD0000002','CLCN7',1877774313),('CD0000002','CNGB1',1353292357),('CD0000002','CNTN2',256146117),('CD0000002','COCH',1483725172),('CD0000002','CRB1',1353292357),('CD0000002','CRYAA',1897673036),('CD0000002','CTLA4',216677808),('CD0000002','DMD',483776388),('CD0000002','ERCC2',707040210),('CD0000002','ESR2',707040210),('CD0000002','EXOSC5',256146117),('CD0000002','EYA4',341511115),('CD0000002','EYS',1353292357),('CD0000002','FGFR2',895147464),('CD0000002','FRMD7',2125459074),('CD0000002','GARNL3',256146117),('CD0000002','GBA2',1497758885),('CD0000002','GIPC3',706711397),('CD0000002','GLG1',707040210),('CD0000002','HCFC1',2046393891),('CD0000002','HUWE1',1781127460),('CD0000002','IGF1R',1183119640),('CD0000002','ILDR1',341511115),('CD0000002','ITPR1',128980012),('CD0000002','KLF4',1183119640),('CD0000002','LAMC1',256146117),('CD0000002','LRP6',386965364),('CD0000002','MAN2B1',256146117),('CD0000002','MAP3K1',707040210),('CD0000002','MAST1',707040210),('CD0000002','MBOAT7',256146117),('CD0000002','MDM1',707040210),('CD0000002','MECP2',635852552),('CD0000002','MIER3',344847678),('CD0000002','MPZL2',1311133085),('CD0000002','MRE11',707040210),('CD0000002','MSH6',707040210),('CD0000002','muc1tv9',1666996596),('CD0000002','MYH14',341511115),('CD0000002','MYO15A',1311133085),('CD0000002','MYO15A',1586978041),('CD0000002','MYO6',1436561100),('CD0000002','MYO7A',706711397),('CD0000002','NF1',1617912242),('CD0000002','NPC2',128980012),('CD0000002','NRL',309114950),('CD0000002','OR2A12',256146117),('CD0000002','OTOA',706711397),('CD0000002','OTOF',1586978041),('CD0000002','OTOG',341511115),('CD0000002','P2RX2',341511115),('CD0000002','PALB2',1674803145),('CD0000002','PALB2',971833855),('CD0000002','PCARE',1353292357),('CD0000002','PCDH15',341511115),('CD0000002','pcdh15tva',706711397),('CD0000002','PLS3',546177555),('CD0000002','POLD1',707040210),('CD0000002','POU4F3',341511115),('CD0000002','PPA2',1787303608),('CD0000002','PRKN',1071184203),('CD0000002','PTPRQ',706711397),('CD0000002','RAD18',707040210),('CD0000002','RAD51D',707040210),('CD0000002','RDX',341511115),('CD0000002','RECQL',707040210),('CD0000002','RHO',1353292357),('CD0000002','RHO',309114950),('CD0000002','RLBP1',1353292357),('CD0000002','RLIM',585991989),('CD0000002','RP1',309114950),('CD0000002','RTEL1',707040210),('CD0000002','SAG',1353292357),('CD0000002','SCN9A',710804549),('CD0000002','SEPT6',256146117),('CD0000002','SETX',1670923073),('CD0000002','SLC25A5',2046393891);
INSERT INTO `hgmd_mutation` VALUES ('CD0000002','SLC26A4',1586978041),('CD0000002','SLC6A8',689713188),('CD0000002','slc9a6tv1',628263653),('CD0000002','SNRNP200',309114950),('CD0000002','SPAST',458112376),('CD0000002','SPG7',1497758885),('CD0000002','SPTAN1',1497758885),('CD0000002','SYK',1183119640),('CD0000002','TBC1D23',256146117),('CD0000002','TERF2',707040210),('CD0000002','TGM1',1669820827),('CD0000002','TMPRSS3',706711397),('CD0000002','TOPORS',1353292357),('CD0000002','TOPORS',309114950),('CD0000002','TRIOBP',1586978041),('CD0000002','TUSC3',256146117),('CD0000002','UMOD',1666996596),('CD0000002','USH1C',706711397),('CD0000002','ush1cpst',706711397),('CD0000002','USH2A',706711397),('CD0000002','VEGFA',707040210),('CD0000002','WAS',394104004),('CD0000002','WDR73',256146117),('CD0000002','WFS1',341511115),('CD0000002','WHRN',341511115),('CD0000002','XIAP',1515962966),('CD0000002','ZBTB11',256146117),('CD0000002','ZIC3',955042962),('CD0000003','AACS',256146117),('CD0000003','ABCA12',1669820827),('CD0000003','ABCA4',1353292357),('CD0000003','ABI2',256146117),('CD0000003','ADGRV1',1586978041),('CD0000003','ALDH18A1',1497758885),('CD0000003','ALG3',256146117),('CD0000003','AMBN',748339079),('CD0000003','ATP6AP2',324848420),('CD0000003','ATP6V0A2',1350577742),('CD0000003','BICD2',805252140),('CD0000003','BLM',707040210),('CD0000003','BMPR1B',1724977416),('CD0000003','BRCA1',1134646265),('CD0000003','C2orf70',256146117),('CD0000003','C9orf72',1910102463),('CD0000003','CASP8',344847678),('CD0000003','CCDC82',256146117),('CD0000003','CDH23',341511115),('CD0000003','CDK5R1',2046393891),('CD0000003','CDKN2A',707040210),('CD0000003','CERS3',1669820827),('CD0000003','CFTR',996399983),('CD0000003','CHD8',972209679),('CD0000003','CHEK1',707040210),('CD0000003','CHEK2',1604233547),('CD0000003','CHEK2',2025723375),('CD0000003','CHRNA3',707040210),('CD0000003','CLCN7',1877774313),('CD0000003','CNGA1',1353292357),('CD0000003','COL11A2',341511115),('CD0000003','CPA1',996399983),('CD0000003','CRB1',1353292357),('CD0000003','CREB3L1',354512161),('CD0000003','DPH1',256146117),('CD0000003','ERCC2',707040210),('CD0000003','ESPN',341511115),('CD0000003','ESR1',257901656),('CD0000003','EYS',1353292357),('CD0000003','FANCI',707040210),('CD0000003','FANCM',707040210),('CD0000003','FRY',256146117),('CD0000003','GDAP1',1541952647),('CD0000003','GDI1',159119868),('CD0000003','GJB6',706711397),('CD0000003','GPR101',294390522),('CD0000003','H2AFX',1183119640),('CD0000003','HOXA5',263990248),('CD0000003','HTR3B',707040210),('CD0000003','ITPR1',128980012),('CD0000003','KAT14',142879539),('CD0000003','KIZ',1326027941),('CD0000003','KLF4',1183119640),('CD0000003','LOXHD1',1311133085),('CD0000003','LRP6',386965364),('CD0000003','LTBP4',1021177775),('CD0000003','MAP3K7',256146117),('CD0000003','MAST1',707040210),('CD0000003','MDM1',707040210),('CD0000003','MED12',2046393891),('CD0000003','MFSD2A',256146117),('CD0000003','MLH3',707040210),('CD0000003','MLYCD',256146117),('CD0000003','MMP12',707040210),('CD0000003','MSH2',707040210),('CD0000003','muc1tv9',1666996596),('CD0000003','MYH14',341511115),('CD0000003','MYO15A',1586978041),('CD0000003','MYO15A',706711397),('CD0000003','MYO1A',341511115),('CD0000003','MYO6',1436561100),('CD0000003','MYO7A',1586978041);
INSERT INTO `hgmd_mutation` VALUES ('CD0000003','MYO7A',341511115),('CD0000003','MYO7A',706711397),('CD0000003','NEXMIF',1781127460),('CD0000003','NQO2',707040210),('CD0000003','OGT',1781127460),('CD0000003','orf15',383863564),('CD0000003','PALB2',1604233547),('CD0000003','PALB2',971833855),('CD0000003','PCDH15',1311133085),('CD0000003','PCDH15',341511115),('CD0000003','pcdh15tva',706711397),('CD0000003','pcdh15tvk',341511115),('CD0000003','PCK2',1263122444),('CD0000003','PCSK1',1792172916),('CD0000003','PDE6A',1353292357),('CD0000003','PDE6A',309114950),('CD0000003','PLS3',1397448814),('CD0000003','PMS1',707040210),('CD0000003','PMS2',707040210),('CD0000003','POLH',707040210),('CD0000003','POLR1C',82438163),('CD0000003','POMT2',256146117),('CD0000003','POU4F3',1483725172),('CD0000003','POU4F3',341511115),('CD0000003','PPA2',1787303608),('CD0000003','PRKAR2B',256146117),('CD0000003','PTPRQ',1586978041),('CD0000003','RAD51C',707040210),('CD0000003','RAD51D',707040210),('CD0000003','RDX',341511115),('CD0000003','REEP6',1353292357),('CD0000003','RHO',1353292357),('CD0000003','RLIM',585991989),('CD0000003','RP2',383863564),('CD0000003','RPS6KA3',1781127460),('CD0000003','rtel1at',707040210),('CD0000003','SCN5A',1962427897),('CD0000003','SETX',1670923073),('CD0000003','SLC39A8',230896027),('CD0000003','SMPX',341511115),('CD0000003','SPG11',1497758885),('CD0000003','SPINK1',996399983),('CD0000003','STRC',341511115),('CD0000003','SYK',1183119640),('CD0000003','TECTA',1311133085),('CD0000003','TECTA',2077592596),('CD0000003','TET1',256146117),('CD0000003','TET3',256146117),('CD0000003','TFDP1',1744361253),('CD0000003','TGM1',1669820827),('CD0000003','TMC1',341511115),('CD0000003','TPSD1',256146117),('CD0000003','TSC2',707040210),('CD0000003','ush1cpst',341511115),('CD0000003','USH2A',341511115),('CD0000003','USH2A',706711397),('CD0000003','VDR',1723036363),('CD0000003','ZFYVE27',458112376),('CD0000003','ZIC3',955042962),('CD0000004','AACS',256146117),('CD0000004','ABCA12',1669820827),('CD0000004','ABCA4',1353292357),('CD0000004','ABCA4',309114950),('CD0000004','ABCC1',341511115),('CD0000004','ADGRA3',1353292357),('CD0000004','ADGRV1',341511115),('CD0000004','AFF3',256146117),('CD0000004','ALDH18A1',1497758885),('CD0000004','ALPI',256146117),('CD0000004','AP4M1',256146117),('CD0000004','APTX',256146117),('CD0000004','AREL1',256146117),('CD0000004','ARL2BP',1353292357),('CD0000004','ATM',868034427),('CD0000004','ATP6V0A2',1350577742),('CD0000004','ATRIP',707040210),('CD0000004','ATRX',1781127460),('CD0000004','BAP1',707040210),('CD0000004','BBS7',256146117),('CD0000004','BCKDK',256146117),('CD0000004','BICD2',805252140),('CD0000004','BLM',707040210),('CD0000004','BRCA2',379988665),('CD0000004','CARNMT1',256146117),('CD0000004','CBR3',707040210),('CD0000004','CC2D1A',334887141),('CD0000004','CDH1',707040210),('CD0000004','CDH23',1586978041),('CD0000004','CDK5R1',2046393891),('CD0000004','CFL2',1230388001),('CD0000004','CHEK2',388988437),('CD0000004','CNGA1',1353292357),('CD0000004','CNGB1',1353292357),('CD0000004','CRB1',1353292357),('CD0000004','CTRC',996399983),('CD0000004','CXCL8',707040210),('CD0000004','CYP1A1',707040210),('CD0000004','DDHD1',1497758885),('CD0000004','DNM2',1328444812),('CD0000004','DYRK1A',1047385585);
INSERT INTO `hgmd_mutation` VALUES ('CD0000004','EBP',709483332),('CD0000004','EME2',707040210),('CD0000004','EPN2',256146117),('CD0000004','ERCC2',1786369421),('CD0000004','ERCC2',600703115),('CD0000004','ERCC2',707040210),('CD0000004','ESPN',341511115),('CD0000004','FANCC',707040210),('CD0000004','FANCM',707040210),('CD0000004','FMN2',256146117),('CD0000004','FRMD7',2125459074),('CD0000004','FSCN2',309114950),('CD0000004','GALNT12',707040210),('CD0000004','GJB2',1311133085),('CD0000004','GJB2',341511115),('CD0000004','GJB6',341511115),('CD0000004','GPR143',920330308),('CD0000004','GRIN2B',589128404),('CD0000004','HCFC1',1781127460),('CD0000004','HCFC1',2046393891),('CD0000004','HDDC3',344847678),('CD0000004','IGFBP5',660139211),('CD0000004','ITGB4',707040210),('CD0000004','KARS',341511115),('CD0000004','KAT6A',1648562638),('CD0000004','KIAA1549',1353292357),('CD0000004','LRP6',386965364),('CD0000004','LTBP4',1021177775),('CD0000004','MAFB',716651056),('CD0000004','MAPK8',256146117),('CD0000004','MCC',909434045),('CD0000004','MERTK',1353292357),('CD0000004','MRE11',484400394),('CD0000004','MRE11',707040210),('CD0000004','MSH2',707040210),('CD0000004','MSH6',707040210),('CD0000004','muc1tv9',1666996596),('CD0000004','MYH14',1436561100),('CD0000004','MYO15A',1311133085),('CD0000004','MYO15A',1586978041),('CD0000004','MYO6',706711397),('CD0000004','MYO7A',341511115),('CD0000004','NBEAL1',707040210),('CD0000004','NBN',1745151297),('CD0000004','OGDHL',1604233547),('CD0000004','OGT',1781127460),('CD0000004','orf15',383863564),('CD0000004','OTOA',706711397),('CD0000004','otoftv4',1311133085),('CD0000004','PALB2',1674803145),('CD0000004','PCAT19',1601696696),('CD0000004','pcdh15tvi',341511115),('CD0000004','PCK2',1263122444),('CD0000004','PDE6A',1353292357),('CD0000004','PDE6A',383863564),('CD0000004','PDE6C',1749288025),('CD0000004','PDZD7',341511115),('CD0000004','PJVK',706711397),('CD0000004','PKD1',1844203410),('CD0000004','PKDCC',263990248),('CD0000004','PKDCC',97509169),('CD0000004','PLS3',1397448814),('CD0000004','PLS3',546177555),('CD0000004','PMS1',707040210),('CD0000004','PMS2',707040210),('CD0000004','PNKP',256146117),('CD0000004','PNPLA6',1497758885),('CD0000004','PPA2',1787303608),('CD0000004','PPM1D',707040210),('CD0000004','PRKN',1071184203),('CD0000004','PRPF8',309114950),('CD0000004','RAD51D',707040210),('CD0000004','RBP3',1353292357),('CD0000004','RDH12',1353292357),('CD0000004','RECQL',707040210),('CD0000004','RLBP1',309114950),('CD0000004','RLIM',585991989),('CD0000004','RNASEH2B',1480821397),('CD0000004','RP1',309114950),('CD0000004','RPE65',1353292357),('CD0000004','SCN5A',1962427897),('CD0000004','SEM1',263990248),('CD0000004','SERPINE1',1953006562),('CD0000004','SLC26A4',1586978041),('CD0000004','SLC26A4',706711397),('CD0000004','SLC6A8',1284467492),('CD0000004','SLC9A6',1781127460),('CD0000004','SMPX',341511115),('CD0000004','SPG11',1497758885),('CD0000004','SPG7',1497758885),('CD0000004','SPTBN2',1171849620),('CD0000004','STK11',707040210),('CD0000004','STRC',341511115),('CD0000004','SYK',1183119640),('CD0000004','SYNGAP1',908585692),('CD0000004','TBX4',13616524),('CD0000004','TECTA',2077592596),('CD0000004','TP53',971833855),('CD0000004','TRAPPC6B',256146117),('CD0000004','TRPV4',1781127460);
INSERT INTO `hgmd_mutation` VALUES ('CD0000004','TSC2',707040210),('CD0000004','ttc8r',1353292357),('CD0000004','UBE2A',1781127460),('CD0000004','UMOD',1666996596),('CD0000004','UMOD',635745092),('CD0000004','UPF3B',1781127460),('CD0000004','USH1G',341511115),('CD0000004','USH2A',1586978041),('CD0000004','USH2A',341511115),('CD0000004','USH2A',706711397),('CD0000004','VAC14',1071184203),('CD0000004','VDR',1723036363),('CD0000004','VPS35',1221559244),('CD0000004','WRN',707040210),('CD0000004','XRCC2',707040210),('CD0000004','ZIC3',955042962),('CD0000004','ZSCAN25',256146117),('CD0000005','ABRAXAS1',707040210),('CD0000005','ACTG1',341511115),('CD0000005','ACTL6B',142879539),('CD0000005','ADGRA3',1353292357),('CD0000005','ALDH18A1',1478335499),('CD0000005','ALG9',1097339340),('CD0000005','APC',707040210),('CD0000005','ARL2BP',1353292357),('CD0000005','ATM',600703115),('CD0000005','ATP5MD',1688113797),('CD0000005','ATP6V0A2',1350577742),('CD0000005','AXIN2',707040210),('CD0000005','BDNF',256146117),('CD0000005','BLM',707040210),('CD0000005','BRCA2',1604233547),('CD0000005','BRCA2',971833855),('CD0000005','CABP4',246428596),('CD0000005','CDH1',707040210),('CD0000005','CDK5R1',2046393891),('CD0000005','CERKL',1353292357),('CD0000005','CLCN7',1877774313),('CD0000005','CLRN1',341511115),('CD0000005','CNGA1',1353292357),('CD0000005','CPLX1',142879539),('CD0000005','CRADD',256146117),('CD0000005','CRB1',1353292357),('CD0000005','CRB2',1353292357),('CD0000005','CRBN',2046393891),('CD0000005','CTR9',707040210),('CD0000005','CTSB',996399983),('CD0000005','CYB5R3',256146117),('CD0000005','DCLRE1C',707040210),('CD0000005','DDHD2',1497758885),('CD0000005','DHFR',707040210),('CD0000005','DICER1',909434045),('CD0000005','dlg3tv2',2046393891),('CD0000005','DMBT1',707040210),('CD0000005','DPH1',256146117),('CD0000005','DROSHA',344847678),('CD0000005','DSG1',2015017915),('CD0000005','DUOX1',256146117),('CD0000005','DYRK1A',1047385585),('CD0000005','EIF3H',256146117),('CD0000005','ERCC1',707040210),('CD0000005','ERCC2',707040210),('CD0000005','ERCC8',256146117),('CD0000005','ESRRB',341511115),('CD0000005','FANCC',2025723375),('CD0000005','FANCI',707040210),('CD0000005','FLCN',600703115),('CD0000005','FOXD3',1857749426),('CD0000005','FRMD7',2125459074),('CD0000005','GAS5',660139211),('CD0000005','GDAP2',1670923073),('CD0000005','GEN1',707040210),('CD0000005','GGN',256146117),('CD0000005','GIPC3',706711397),('CD0000005','GJB6',341511115),('CD0000005','GLDC',2075458271),('CD0000005','GPT2',256146117),('CD0000005','GRXCR1',706711397),('CD0000005','HCFC1',2046393891),('CD0000005','HNMT',2046393891),('CD0000005','IFT140',1353292357),('CD0000005','IMPDH1',309114950),('CD0000005','ITFG2',256146117),('CD0000005','KARS',341511115),('CD0000005','KIAA1549',1353292357),('CD0000005','LOXHD1',1311133085),('CD0000005','LTBP4',1021177775),('CD0000005','MAGT1',1553361204),('CD0000005','MARVELD2',341511115),('CD0000005','MCC',909434045),('CD0000005','MECP2',1781127460),('CD0000005','MEIS2',1693808067),('CD0000005','MERTK',309114950),('CD0000005','MIR423',660139211),('CD0000005','MPDZ',256146117),('CD0000005','MSH2',707040210),('CD0000005','MSR1',707040210),('CD0000005','muc1tv9',1666996596),('CD0000005','MUS81',707040210),('CD0000005','MUTYH',707040210);
INSERT INTO `hgmd_mutation` VALUES ('CD0000005','MYH9',1897673036),('CD0000005','MYO15A',1311133085),('CD0000005','MYO15A',341511115),('CD0000005','MYO7A',1586978041),('CD0000005','MYO7A',341511115),('CD0000005','NBEAL1',707040210),('CD0000005','NBN',707040210),('CD0000005','NF1',1617912242),('CD0000005','NHS',308146058),('CD0000005','NR2E3',1353292357),('CD0000005','NRL',309114950),('CD0000005','NTHL1',707040210),('CD0000005','OGDHL',1604233547),('CD0000005','OGG1',615715336),('CD0000005','OGT',1781127460),('CD0000005','OTOA',341511115),('CD0000005','OTOA',706711397),('CD0000005','PAK3',1781127460),('CD0000005','PALB2',58829111),('CD0000005','PCDH15',1311133085),('CD0000005','pcdh15tva',706711397),('CD0000005','pcdh15tvk',341511115),('CD0000005','PDE6A',1353292357),('CD0000005','PDE6B',1353292357),('CD0000005','PDK3',1726075530),('CD0000005','PDXDC1',341511115),('CD0000005','PIK3CA',1183119640),('CD0000005','PLK4',461752987),('CD0000005','PMS2',868034427),('CD0000005','PNPLA6',1497758885),('CD0000005','POLH',707040210),('CD0000005','PPM1D',707040210),('CD0000005','PRPF31',309114950),('CD0000005','PRPF8',309114950),('CD0000005','PRSS1',707040210),('CD0000005','RAD50',971833855),('CD0000005','RAD51D',707040210),('CD0000005','RBM10',1781127460),('CD0000005','RDX',341511115),('CD0000005','RFC1',707040210),('CD0000005','RHO',309114950),('CD0000005','RLIM',585991989),('CD0000005','RP1',1353292357),('CD0000005','RP1',309114950),('CD0000005','RP2',1016503420),('CD0000005','RPE65',1353292357),('CD0000005','SDHD',58829111),('CD0000005','SHH',96363895),('CD0000005','SLC16A2',1781127460),('CD0000005','SLC25A12',28129081),('CD0000005','slc9a6tv1',628263653),('CD0000005','SMAD4',707040210),('CD0000005','SPAST',458112376),('CD0000005','SPG11',1497758885),('CD0000005','SPTBN2',1171849620),('CD0000005','STRC',341511115),('CD0000005','SYNE1',256146117),('CD0000005','TAF1',1781127460),('CD0000005','TBC1D8',256146117),('CD0000005','TBX4',13616524),('CD0000005','TECTA',1436561100),('CD0000005','TECTA',2077592596),('CD0000005','TGM1',1669820827),('CD0000005','TMC1',706711397),('CD0000005','TNFSF11',788968643),('CD0000005','TP53',971833855),('CD0000005','TRAPPC10',256146117),('CD0000005','TTN',979712115),('CD0000005','UMOD',1666996596),('CD0000005','USP44',256146117),('CD0000005','VDR',1723036363),('CD0000005','WFS1',1311133085),('CD0000005','WFS1',341511115),('CD0000005','WFS1',706711397),('CD0000005','WNT1',354512161),('CD0000005','ZIC3',955042962),('CD0000006','ABCC1',341511115),('CD0000006','AIPL1',585041275),('CD0000006','ALG3',256146117),('CD0000006','ALG9',1097339340),('CD0000006','ALOXE3',1669820827),('CD0000006','ANO10',247721211),('CD0000006','ATP6V0A2',1350577742),('CD0000006','ATR',707040210),('CD0000006','BCL11A',1679373629),('CD0000006','BDP1',341511115),('CD0000006','BMPR1A',707040210),('CD0000006','BMPR2',13616524),('CD0000006','BRCA1',971833855),('CD0000006','BRCA2',1134646265),('CD0000006','BRCA2',1604233547),('CD0000006','BTK',348231748),('CD0000006','CABP2',706711397),('CD0000006','CAPS',256146117),('CD0000006','CASP8',707040210),('CD0000006','CDH23',341511115),('CD0000006','CDH23',706711397),('CD0000006','CDHR1',1353292357),('CD0000006','CDKN2A',1983661646),('CD0000006','CHEK2',1604233547);
INSERT INTO `hgmd_mutation` VALUES ('CD0000006','CNGA1',1353292357),('CD0000006','CNGB1',1353292357),('CD0000006','CNGB1',309114950),('CD0000006','CRB1',1353292357),('CD0000006','CRYBA4',1897673036),('CD0000006','CTLA4',2015219675),('CD0000006','CTLA4',216677808),('CD0000006','CTNNA1',707040210),('CD0000006','CTRC',996399983),('CD0000006','CYP1A2',707040210),('CD0000006','DCTN2',256146117),('CD0000006','DDHD2',1497758885),('CD0000006','DEPTOR',256146117),('CD0000006','DIAPH1',341511115),('CD0000006','DNAJC21',707040210),('CD0000006','ERBB2',1724977416),('CD0000006','ERCC2',707040210),('CD0000006','ERCC6',707040210),('CD0000006','ESPN',341511115),('CD0000006','EYA4',341511115),('CD0000006','FANCA',707040210),('CD0000006','FANCI',707040210),('CD0000006','FANCM',1325754131),('CD0000006','FMR1',1781127460),('CD0000006','FRMD7',2125459074),('CD0000006','GDAP2',1670923073),('CD0000006','GEN1',707040210),('CD0000006','GPR101',294390522),('CD0000006','GRID2',1716318745),('CD0000006','GRID2',247721211),('CD0000006','GRM1',719459134),('CD0000006','HGSNAT',256146117),('CD0000006','HK1',309114950),('CD0000006','HNMT',2046393891),('CD0000006','HOMER2',1436561100),('CD0000006','IFT140',1353292357),('CD0000006','IGF2R',707040210),('CD0000006','IL1RAPL1',2046393891),('CD0000006','ILDR1',1311133085),('CD0000006','IMPA1',256146117),('CD0000006','IMPG2',1353292357),('CD0000006','KCND3',128980012),('CD0000006','KIT',707040210),('CD0000006','LOXHD1',341511115),('CD0000006','MAF',178082208),('CD0000006','MARVELD2',341511115),('CD0000006','MCC',909434045),('CD0000006','MECP2',1781127460),('CD0000006','MEGF9',256146117),('CD0000006','MGMT',707040210),('CD0000006','MRE11',707040210),('CD0000006','MSH6',707040210),('CD0000006','MSS51',256146117),('CD0000006','MUTYH',707040210),('CD0000006','MYO15A',1311133085),('CD0000006','MYO6',1586978041),('CD0000006','MYO7A',341511115),('CD0000006','NEU4',256146117),('CD0000006','NF1',707040210),('CD0000006','NHS',308146058),('CD0000006','OGDHL',1604233547),('CD0000006','OGG1',615715336),('CD0000006','OTOF',341511115),('CD0000006','p14arf',707040210),('CD0000006','PALB2',1183119640),('CD0000006','PANK2',1353292357),('CD0000006','PCARE',1353292357),('CD0000006','PDE6A',1353292357),('CD0000006','PDE6A',383863564),('CD0000006','PDE6B',1353292357),('CD0000006','PDE6C',1749288025),('CD0000006','PDZD7',706711397),('CD0000006','PIDD1',256146117),('CD0000006','PINK1',1071184203),('CD0000006','PJVK',706711397),('CD0000006','PKDCC',97509169),('CD0000006','PLK4',461752987),('CD0000006','PLS3',546177555),('CD0000006','PNPLA6',1497758885),('CD0000006','POLH',707040210),('CD0000006','PTEN',707040210),('CD0000006','PTPRJ',707040210),('CD0000006','PTPRQ',1311133085),('CD0000006','PTPRQ',706711397),('CD0000006','RAB28',1555869147),('CD0000006','RAB39B',122009172),('CD0000006','RAD51C',707040210),('CD0000006','RAG2',803487395),('CD0000006','RDH12',1353292357),('CD0000006','RECQL',707040210),('CD0000006','RHBDD2',1353292357),('CD0000006','RHO',309114950),('CD0000006','RLIM',585991989),('CD0000006','RP1',309114950),('CD0000006','RP2',383863564),('CD0000006','RUNX1',707040210),('CD0000006','SASH1',246124806),('CD0000006','SATB2',716651056),('CD0000006','SETBP1',1183119640),('CD0000006','SETX',1670923073);
INSERT INTO `hgmd_mutation` VALUES ('CD0000006','SLC17A8',1436561100),('CD0000006','SLC26A4',1311133085),('CD0000006','SLC26A4',1586978041),('CD0000006','SLC39A8',230896027),('CD0000006','SLC7A10',256146117),('CD0000006','SPAST',458112376),('CD0000006','SPG11',1497758885),('CD0000006','STIMATE',344847678),('CD0000006','STRC',341511115),('CD0000006','TBX4',13616524),('CD0000006','TCIRG1',788968643),('CD0000006','TDP2',247721211),('CD0000006','TECTA',2077592596),('CD0000006','TECTA',341511115),('CD0000006','TGM1',1669820827),('CD0000006','TMC1',341511115),('CD0000006','TMC1',706711397),('CD0000006','TMEM135',256146117),('CD0000006','TMEM38B',354512161),('CD0000006','TMPRSS3',341511115),('CD0000006','TRAPPC9',2046393891),('CD0000006','TRIOBP',1586978041),('CD0000006','TSHR',256146117),('CD0000006','UMOD',1666996596),('CD0000006','USH2A',341511115),('CD0000006','VDR',1723036363),('CD0000006','VPS35',256146117),('CD0000006','WFS1',2376136),('CD0000006','WFS1',341511115),('CD0000006','WFS1',706711397),('CD0000006','WHRN',1586978041),('CD0000006','ZFYVE26',1497758885),('CD0000006','ZIC3',955042962),('CD0000006','ZNF41',2046393891),('CD0000007','ABCC1',341511115),('CD0000007','ABRAXAS2',707040210),('CD0000007','APC',707040210),('CD0000007','ATG10',895147464),('CD0000007','ATP6V0A2',1350577742),('CD0000007','ATP7A',1864400363),('CD0000007','ATRX',2046393891),('CD0000007','BAP1',707040210),('CD0000007','BLM',707040210),('CD0000007','BMPR2',13616524),('CD0000007','BRCA1',971833855),('CD0000007','BRCA2',1604233547),('CD0000007','BRCA2',1674803145),('CD0000007','CABP2',706711397),('CD0000007','CACNA1G',1246818036),('CD0000007','CDH23',341511115),('CD0000007','CDH23',706711397),('CD0000007','cdh23tv6',706711397),('CD0000007','CHEK2',1604233547),('CD0000007','CHEK2',388988437),('CD0000007','CLCN7',788968643),('CD0000007','CLIC2',1692878486),('CD0000007','COCH',1483725172),('CD0000007','CRB1',1353292357),('CD0000007','CSMD2',256146117),('CD0000007','CTLA4',216677808),('CD0000007','DICER1',707040210),('CD0000007','DMBT1',256146117),('CD0000007','DNAJC21',707040210),('CD0000007','EPCAM',707040210),('CD0000007','EPHA2',1897673036),('CD0000007','ERBB2',707040210),('CD0000007','ERCC2',707040210),('CD0000007','EYS',1108497125),('CD0000007','EYS',1353292357),('CD0000007','FANCM',1183119640),('CD0000007','FANCM',1325754131),('CD0000007','FRMD7',2125459074),('CD0000007','GDAP2',1670923073),('CD0000007','GEMIN4',844982968),('CD0000007','GJB6',341511115),('CD0000007','GPR101',294390522),('CD0000007','GPT2',256146117),('CD0000007','GRID2',247721211),('CD0000007','IL13',707040210),('CD0000007','IL2RA',1604233547),('CD0000007','ILDR1',1311133085),('CD0000007','IMPG2',1353292357),('CD0000007','KCNK3',13616524),('CD0000007','KCTD17',288056644),('CD0000007','KIF1A',458112376),('CD0000007','KRT8',996399983),('CD0000007','LLCFC1',1183119640),('CD0000007','LOXHD1',341511115),('CD0000007','loxhd1tv2',1311133085),('CD0000007','loxhd1tv2',706711397),('CD0000007','LPIN2',959188318),('CD0000007','LTBP4',1021177775),('CD0000007','MC4R',1792172916),('CD0000007','MCM2',1436561100),('CD0000007','MDGA2',256146117),('CD0000007','MET',707040210),('CD0000007','METTL5',256146117),('CD0000007','MIR222',1781127460),('CD0000007','MLH1',868034427),('CD0000007','MRE11',971833855);
INSERT INTO `hgmd_mutation` VALUES ('CD0000007','MSH6',707040210),('CD0000007','MYH7B',341511115),('CD0000007','MYH9',341511115),('CD0000007','MYO1A',341511115),('CD0000007','MYO6',341511115),('CD0000007','MYO6',706711397),('CD0000007','MYO7A',341511115),('CD0000007','NAGS',256146117),('CD0000007','NBN',1440465299),('CD0000007','NCF2',1389561941),('CD0000007','NCK1',707040210),('CD0000007','NF1',1617912242),('CD0000007','NIPAL4',930531355),('CD0000007','ogg1tv2a',615715336),('CD0000007','OGT',1781127460),('CD0000007','OTOA',706711397),('CD0000007','OTOF',341511115),('CD0000007','PALB2',1134646265),('CD0000007','PGAP1',256146117),('CD0000007','PIK3CG',707040210),('CD0000007','PJVK',706711397),('CD0000007','PMS1',707040210),('CD0000007','PMS1',971833855),('CD0000007','PMS2',707040210),('CD0000007','POLA1',1550846504),('CD0000007','POLH',707040210),('CD0000007','PRKAG2',497781300),('CD0000007','PTCH1',707040210),('CD0000007','PTTG1IP',260650632),('CD0000007','RAB39B',122009172),('CD0000007','RAD51B',707040210),('CD0000007','RAD51C',707040210),('CD0000007','RDX',706711397),('CD0000007','REEP6',1353292357),('CD0000007','REN',1666996596),('CD0000007','RHO',309114950),('CD0000007','RLIM',585991989),('CD0000007','RNF128',1781127460),('CD0000007','ROPN1L',707040210),('CD0000007','RP1',309114950),('CD0000007','RPGR',383863564),('CD0000007','RPGRIP1',1897673036),('CD0000007','SDK2',256146117),('CD0000007','SERPINF1',354512161),('CD0000007','SLC17A8',341511115),('CD0000007','SLC26A5',341511115),('CD0000007','SLC39A8',230896027),('CD0000007','SLC39A8',44228091),('CD0000007','slc9a6tv1',628263653),('CD0000007','SPAST',458112376),('CD0000007','SPATA7',585041275),('CD0000007','SPG11',1497758885),('CD0000007','SPG7',1497758885),('CD0000007','SPTAN1',1497758885),('CD0000007','TECTA',2077592596),('CD0000007','TECTA',341511115),('CD0000007','TGM1',1669820827),('CD0000007','TM2D3',256146117),('CD0000007','TMPRSS3',1311133085),('CD0000007','TNFRSF1A',1234970904),('CD0000007','TP53',1426195263),('CD0000007','TPRN',341511115),('CD0000007','TRIOBP',1311133085),('CD0000007','TRIOBP',1586978041),('CD0000007','TUSC3',256146117),('CD0000007','UBE2A',1781127460),('CD0000007','UBE2A',464242315),('CD0000007','USH2A',341511115),('CD0000007','VPS13B',256146117),('CD0000007','WFDC1',256146117),('CD0000007','WRN',707040210),('CD0000007','XIAP',1515962966),('CD0000007','XRCC2',707040210),('CD0000007','ZBTB11',256146117),('CD0000007','ZIC3',955042962),('CD0000007','znf365tvc',707040210),('CD0000008','ACTG1',341511115),('CD0000008','AHNAK2',1541952647),('CD0000008','ALCAM',1724977416),('CD0000008','ALG13',1781127460),('CD0000008','ALOX12B',1669820827),('CD0000008','aloxe3tv1',1669820827),('CD0000008','ANKLE1',1046014971),('CD0000008','ANKS1A',2046393891),('CD0000008','ANO10',247721211),('CD0000008','AP4M1',256146117),('CD0000008','APC',600703115),('CD0000008','APC',707040210),('CD0000008','ASTN2',1324987055),('CD0000008','ATG10',895147464),('CD0000008','ATP6V0A2',1350577742),('CD0000008','ATP6V0A4',1037891299),('CD0000008','ATP7A',1385541695),('CD0000008','ATRX',1781127460),('CD0000008','BAP1',707040210),('CD0000008','BMPR1A',2025723375),('CD0000008','BMPR2',13616524),('CD0000008','BRCA1',971833855),('CD0000008','BRCA2',1134646265),('CD0000008','BTK',348231748);
INSERT INTO `hgmd_mutation` VALUES ('CD0000008','C1QTNF5',309114950),('CD0000008','CDH23',706711397),('CD0000008','cdh23tv6',706711397),('CD0000008','CHD8',972209679),('CD0000008','CHEK2',379988665),('CD0000008','CHRDL1',1708264082),('CD0000008','CISH',256146117),('CD0000008','CLCN7',1877774313),('CD0000008','CLDN14',341511115),('CD0000008','CREBBP',101044451),('CD0000008','CRTAP',354512161),('CD0000008','CTLA4',216677808),('CD0000008','DDHD1',1497758885),('CD0000008','DOCK8',256146117),('CD0000008','DUOX2',256146117),('CD0000008','EBP',709483332),('CD0000008','EI24',256146117),('CD0000008','EPCAM',707040210),('CD0000008','EPS8L2',341511115),('CD0000008','ERCC2',707040210),('CD0000008','EXTL3',256146117),('CD0000008','EYS',1353292357),('CD0000008','FANCC',707040210),('CD0000008','FANCM',707040210),('CD0000008','FH',707040210),('CD0000008','GAN',256146117),('CD0000008','GJB2',341511115),('CD0000008','GSDME',341511115),('CD0000008','HELQ',707040210),('CD0000008','HGF',341511115),('CD0000008','HSD17B10',1692878486),('CD0000008','il16tv3',73083291),('CD0000008','IL1A',707040210),('CD0000008','ILDR1',1311133085),('CD0000008','KCNK3',1596151401),('CD0000008','KIRREL3',2046393891),('CD0000008','LDLR',856842188),('CD0000008','LTBP4',1021177775),('CD0000008','MAN1B1',256146117),('CD0000008','MARVELD2',1586978041),('CD0000008','MARVELD2',706711397),('CD0000008','MAST1',707040210),('CD0000008','MC3R',1792172916),('CD0000008','MECP2',1781127460),('CD0000008','MET',707040210),('CD0000008','METTL4',256146117),('CD0000008','MPZL2',1311133085),('CD0000008','MRE11',707040210),('CD0000008','MSH2',707040210),('CD0000008','MSH2',971833855),('CD0000008','MSH5',707040210),('CD0000008','MYH7B',341511115),('CD0000008','MYH9',341511115),('CD0000008','MYO6',1436561100),('CD0000008','MYO6',341511115),('CD0000008','MYO6',706711397),('CD0000008','MYO7A',1586978041),('CD0000008','MYO7A',341511115),('CD0000008','NF1',1617912242),('CD0000008','nf1tv1',1617912242),('CD0000008','NIPAL4',930531355),('CD0000008','OGG1',615715336),('CD0000008','OPN1LW',923522242),('CD0000008','OTOA',341511115),('CD0000008','OTOF',341511115),('CD0000008','OTOF',706711397),('CD0000008','OTOGL',706711397),('CD0000008','PDZD7',341511115),('CD0000008','PJVK',706711397),('CD0000008','PNPT1',341511115),('CD0000008','POLD1',707040210),('CD0000008','POU3F4',341511115),('CD0000008','POU3F4',706711397),('CD0000008','POU4F3',2376136),('CD0000008','POU4F3',341511115),('CD0000008','PPM1D',707040210),('CD0000008','PPM1D',971833855),('CD0000008','PPP2R1B',707040210),('CD0000008','PRF1',707040210),('CD0000008','PRICKLE3',1781127460),('CD0000008','PRPF6',309114950),('CD0000008','RAD50',971833855),('CD0000008','RAD51B',484400394),('CD0000008','RAD51C',707040210),('CD0000008','RAD51D',707040210),('CD0000008','RAG2',803487395),('CD0000008','RECQL4',707040210),('CD0000008','RECQL',707040210),('CD0000008','REEP6',1353292357),('CD0000008','RET',707040210),('CD0000008','RP1',309114950),('CD0000008','RPS6KA3',1781127460),('CD0000008','RTEL1',707040210),('CD0000008','S100A3',707040210),('CD0000008','SDHB',707040210),('CD0000008','SLAIN1',256146117),('CD0000008','SLC17A8',341511115),('CD0000008','SLC9A6',1781127460),('CD0000008','SPAST',458112376),('CD0000008','SPG11',1497758885);
INSERT INTO `hgmd_mutation` VALUES ('CD0000008','SPTAN1',1497758885),('CD0000008','STK11',707040210),('CD0000008','STRC',341511115),('CD0000008','TANGO2',256146117),('CD0000008','TDP2',256146117),('CD0000008','TGFBR2',364350195),('CD0000008','TGM1',930531355),('CD0000008','TJP2',341511115),('CD0000008','TMC1',706711397),('CD0000008','TMPRSS3',341511115),('CD0000008','TMPRSS3',706711397),('CD0000008','WDR19',1353292357),('CD0000008','XIAP',1515962966),('CD0000008','ZFYVE27',458112376),('CD0000009','ALOX12B',1669820827),('CD0000009','APC',1012253779),('CD0000009','APOB',856842188),('CD0000009','ARHGEF6',1781127460),('CD0000009','ARX',1949985143),('CD0000009','ATP6V0A2',1350577742),('CD0000009','ATP8A2',256146117),('CD0000009','BABAM1',1604233547),('CD0000009','BAP1',707040210),('CD0000009','BCOR',1556715772),('CD0000009','BMPR1A',707040210),('CD0000009','BRCA1',1134646265),('CD0000009','BRCA2',1674803145),('CD0000009','BRCA2',971833855),('CD0000009','BTK',348231748),('CD0000009','CAPN12',256146117),('CD0000009','cdh23tv6',706711397),('CD0000009','CDK5RAP2',263990248),('CD0000009','CERS3',1669820827),('CD0000009','CHD8',972209679),('CD0000009','CHRDL1',1708264082),('CD0000009','CIB2',706711397),('CD0000009','CLCN7',1877774313),('CD0000009','CNTNAP4',707040210),('CD0000009','CRYBB2',1897673036),('CD0000009','CTRC',996399983),('CD0000009','CWF19L2',707040210),('CD0000009','DICER1',707040210),('CD0000009','DNAH7',256146117),('CD0000009','EBP',709483332),('CD0000009','EPCAM',707040210),('CD0000009','EPS8',1586978041),('CD0000009','ESPN',706711397),('CD0000009','ESRRB',341511115),('CD0000009','EYS',1353292357),('CD0000009','EZH2',707040210),('CD0000009','FA2H',1497758885),('CD0000009','FAM83H',1584768858),('CD0000009','FANCI',707040210),('CD0000009','FANCM',707040210),('CD0000009','FBXO47',256146117),('CD0000009','FMOD',256146117),('CD0000009','FRMD7',1795811996),('CD0000009','FRMD7',2125459074),('CD0000009','GATA5',256146117),('CD0000009','GIPC3',341511115),('CD0000009','GRIN2A',2046393891),('CD0000009','GSDME',341511115),('CD0000009','HKDC1',1353292357),('CD0000009','HUWE1',44908869),('CD0000009','IFT140',1353292357),('CD0000009','il16tv3',73083291),('CD0000009','ISCU',640578342),('CD0000009','KCNA2',256146117),('CD0000009','KCNQ4',341511115),('CD0000009','KIAA1549',1353292357),('CD0000009','LRIG1',707040210),('CD0000009','LTBP4',1021177775),('CD0000009','MC3R',1792172916),('CD0000009','MERTK',1353292357),('CD0000009','MIR30C1',707040210),('CD0000009','MPZL2',1311133085),('CD0000009','MSH2',971833855),('CD0000009','MSH5',707040210),('CD0000009','MSH6',1604233547),('CD0000009','MSH6',707040210),('CD0000009','muc1tv9',1666996596),('CD0000009','MYO6',1586978041),('CD0000009','NEB',754614509),('CD0000009','NIPAL4',930531355),('CD0000009','NPC1',128980012),('CD0000009','OGG1',615715336),('CD0000009','OTOA',341511115),('CD0000009','OTX2',44599340),('CD0000009','PALB2',1674803145),('CD0000009','PCDH15',341511115),('CD0000009','pcdh15tva',706711397),('CD0000009','PDE6B',1353292357),('CD0000009','PDE6B',309114950),('CD0000009','PDZD7',341511115),('CD0000009','PEX6',1670923073),('CD0000009','PLS3',546177555),('CD0000009','PMS1',707040210),('CD0000009','POLD1',707040210),('CD0000009','POLE',707040210),('CD0000009','POU3F4',341511115);
INSERT INTO `hgmd_mutation` VALUES ('CD0000009','POU4F3',1483725172),('CD0000009','PREX2',707040210),('CD0000009','PROM1',1353292357),('CD0000009','PRPF4',309114950),('CD0000009','PTCH1',707040210),('CD0000009','RAB39B',1781127460),('CD0000009','RAD51B',707040210),('CD0000009','RAD51C',707040210),('CD0000009','REEP6',1353292357),('CD0000009','RET',707040210),('CD0000009','RGR',256146117),('CD0000009','RHO',309114950),('CD0000009','RP1',1353292357),('CD0000009','RP1',309114950),('CD0000009','RTEL1',707040210),('CD0000009','RUNX1',909434045),('CD0000009','SERPINF1',354512161),('CD0000009','SIM1',1792172916),('CD0000009','SLC26A4',706711397),('CD0000009','slc9a6tv1',628263653),('CD0000009','smarcad1v4',1271795084),('CD0000009','SMUG1',344847678),('CD0000009','SPATA13',256146117),('CD0000009','STXBP4',707040210),('CD0000009','SYK',1183119640),('CD0000009','SYNE1',247721211),('CD0000009','TDP2',247721211),('CD0000009','TDP2',256146117),('CD0000009','TGM1',1669820827),('CD0000009','TJP2',1425915988),('CD0000009','TLR4',1183119640),('CD0000009','TMC1',1483725172),('CD0000009','TMIE',706711397),('CD0000009','TMPRSS3',341511115),('CD0000009','TRIOBP',1586978041),('CD0000009','ttc8r',1353292357),('CD0000009','UBE2J2',256146117),('CD0000009','UNC45B',1603398068),('CD0000009','USH2A',309114950),('CD0000009','USH2A',341511115),('CD0000009','USH2A',706711397),('CD0000009','WDR62',256146117),('CD0000009','WFS1',1709987180),('CD0000009','ZIC3',955042962),('CD0000009','ZNF711',1692878486),('CD0000009','ZRSR2',1781127460),('CD000000','ABCA4',1493288727),('CD000000','ABCA4',383863564),('CD000000','ABCA4',93962107),('CD000000','ABCB1',206704624),('CD000000','ABCC11',1183119640),('CD000000','ABCG5',556722860),('CD000000','ABCG8',556722860),('CD000000','ABRAXAS1',707040210),('CD000000','ACE',1902173944),('CD000000','ACTA1',373954599),('CD000000','ACTG1',1425915988),('CD000000','ACTL6B',971358064),('CD000000','ADAM29',707040210),('CD000000','ADAT3',604578043),('CD000000','ADCY1',706711397),('CD000000','ADGRB3',707040210),('CD000000','ADGRG1',256146117),('CD000000','ADGRV1',1311133085),('CD000000','ADGRV1',1586978041),('CD000000','ADH1C',454574868),('CD000000','ADRA2B',25806452),('CD000000','AFF2',1781127460),('CD000000','AGK',1457603355),('CD000000','AGO1',2046393891),('CD000000','AGT',1183119640),('CD000000','AGTR1',660139211),('CD000000','AHR',344847678),('CD000000','AIFM1',341511115),('CD000000','AIFM1',400381444),('CD000000','AIPL1',1353292357),('CD000000','AKAP10',707040210),('CD000000','AKAP13',1183119640),('CD000000','AKAP9',1574479568),('CD000000','AKAP9',707040210),('CD000000','ALAS2',1993332810),('CD000000','ALDH18A1',1025930551),('CD000000','ALDH18A1',1554662023),('CD000000','ALDH18A1',1645175757),('CD000000','ALG13',2046393891),('CD000000','ALK',707040210),('CD000000','ALMS1',341511115),('CD000000','ALOX12',344847678),('CD000000','AMELX',1201902812),('CD000000','AMPD1',256146117),('CD000000','AP4B1',1168627301),('CD000000','APC',971833855),('CD000000','APEX1',895147464),('CD000000','APOBEC3B',1183119640),('CD000000','APOBEC3B',1604233547),('CD000000','APOBEC3B',2069084210),('CD000000','APOBEC3B',344847678),('CD000000','APOBEC3B',941709806),('CD000000','APOE',856842188),('CD000000','APP',872428812);
INSERT INTO `hgmd_mutation` VALUES ('CD000000','APTX',1670923073),('CD000000','arhgef9tv2',730842699),('CD000000','ARIH1',2046393891),('CD000000','ARL2BP',1083552249),('CD000000','ARPC1B',895147464),('CD000000','ARV1',1965334597),('CD000000','ARX',1781127460),('CD000000','ASPA',256146117),('CD000000','ASPM',372422085),('CD000000','ASTN2',256146117),('CD000000','ATAD3A',458112376),('CD000000','ATL1',458112376),('CD000000','ATM',107822867),('CD000000','ATM',170100850),('CD000000','ATM',1776002866),('CD000000','ATM',1864917852),('CD000000','ATM',2025723375),('CD000000','ATM',379988665),('CD000000','ATM',758733758),('CD000000','ATM',874005567),('CD000000','ATP1A3',1853503303),('CD000000','ATP6AP2',324848420),('CD000000','ATP6AP2',910630973),('CD000000','AURKA',1183119640),('CD000000','AURKA',1740916968),('CD000000','AURKB',707040210),('CD000000','AXIN1',2142787028),('CD000000','BEST1',309114950),('CD000000','BFSP1',18365595),('CD000000','BFSP2',18365595),('CD000000','BLM',1183119640),('CD000000','BLM',1604233547),('CD000000','BLM',484400394),('CD000000','BMP1',827393381),('CD000000','BRCA1',1183119640),('CD000000','BRCA1',1303342568),('CD000000','BRCA1',1473784453),('CD000000','BRCA1',15719733),('CD000000','BRCA1',1592301554),('CD000000','BRCA1',1674803145),('CD000000','BRCA1',1944720520),('CD000000','BRCA1',355210667),('CD000000','BRCA1',42446764),('CD000000','BRCA1',660139211),('CD000000','BRCA1',890385143),('CD000000','BRCA2',1327241863),('CD000000','BRCA2',138036860),('CD000000','BRCA2',1426195263),('CD000000','BRCA2',1598195102),('CD000000','BRCA2',1898837010),('CD000000','BRCA2',2110719133),('CD000000','BRCA2',226193617),('CD000000','BRCA2',344847678),('CD000000','BRCA2',484400394),('CD000000','BRCA2',529620146),('CD000000','BRCA2',566149684),('CD000000','BRCA2',978156596),('CD000000','BRIP1',1183119640),('CD000000','BRIP1',1503411406),('CD000000','BUB1',909434045),('CD000000','BUB1B',707040210),('CD000000','C10orf90',257901656),('CD000000','CA2',788968643),('CD000000','CABP2',1586978041),('CD000000','CABP2',706711397),('CD000000','CABP2',942500987),('CD000000','CACNA1F',507005246),('CD000000','CACNG2',2046393891),('CD000000','CAPN3',790416628),('CD000000','CASC16',1724977416),('CD000000','CASK',1781127460),('CD000000','CASP10',1728135445),('CD000000','CASP3',1604233547),('CD000000','CASP8',1294333937),('CD000000','CASP8',1527489858),('CD000000','CASP8',651445365),('CD000000','CASR',1097695892),('CD000000','CC2D1A',1814071465),('CD000000','CCDC170',1604233547),('CD000000','CCDC170',707040210),('CD000000','CCDC22',1459256565),('CD000000','CCND1',619938648),('CD000000','CCNE1',707040210),('CD000000','CCNH',707040210),('CD000000','CD9',707040210),('CD000000','CDH1',1604233547),('CD000000','CDH1',388988437),('CD000000','CDH23',1353292357),('CD000000','CDH23',1700019195),('CD000000','CDH3',1353292357),('CD000000','CDKL5',1762942578),('CD000000','CDKN1A',1183119640),('CD000000','CDKN2A',2025723375),('CD000000','CEACAM16',1436561100),('CD000000','CEACAM16',2376136),('CD000000','CEACAM16',706711397),('CD000000','CELSR3',256146117),('CD000000','CEP152',458808439),('CD000000','CEP290',1353292357),('CD000000','CEP63',458808439);
INSERT INTO `hgmd_mutation` VALUES ('CD000000','CERKL',1353292357),('CD000000','CETP',2051354827),('CD000000','CFH',1413312204),('CD000000','CFHR1',256146117),('CD000000','CHD2',2046393891),('CD000000','CHDH',1183119640),('CD000000','CHEK2',1504683305),('CD000000','CHEK2',1604233547),('CD000000','CHEK2',18959688),('CD000000','CHEK2',1963226095),('CD000000','CHEK2',2110719133),('CD000000','CHEK2',2142787028),('CD000000','CHEK2',300770995),('CD000000','CHEK2',58829111),('CD000000','CHEK2',927310611),('CD000000','CHEK2',953816968),('CD000000','CHL1',1869169625),('CD000000','CHM',309114950),('CD000000','CIC',2046393891),('CD000000','CLCN1',123388901),('CD000000','CLCN7',449672237),('CD000000','CLIC2',1781127460),('CD000000','CLIP1',256146117),('CD000000','CLTC',1648562638),('CD000000','CMC2',138036860),('CD000000','CNGA3',462836405),('CD000000','CNGB3',632968421),('CD000000','CNTNAP5',256146117),('CD000000','CNTROB',2142787028),('CD000000','COCH',1709987180),('CD000000','COG6',584019895),('CD000000','COL11A2',653801883),('CD000000','COL1A2',354512161),('CD000000','COL20A1',2015017915),('CD000000','COL2A1',1199315828),('CD000000','COL4A5',13661560),('CD000000','COL4A6',641809124),('CD000000','COMT',1156680072),('CD000000','COMT',32701333),('CD000000','CPA1',996399983),('CD000000','CPB2',1604233547),('CD000000','CPT1C',458112376),('CD000000','CRB1',191514555),('CD000000','CRBN',1814071465),('CD000000','CREB3L1',354512161),('CD000000','CRTAP',354512161),('CD000000','CRYAA',18365595),('CD000000','CRYBA2',18365595),('CD000000','CRYBA4',18365595),('CD000000','CRYBA4',1897673036),('CD000000','CRYBB3',18365595),('CD000000','CRYGS',1525862988),('CD000000','CTLA4',216677808),('CD000000','CTLA4',839575812),('CD000000','CTRC',996399983),('CD000000','CUX2',2046393891),('CD000000','CXorf56',1781127460),('CD000000','CYP11A1',1183119640),('CD000000','CYP11A1',707040210),('CD000000','CYP17A1',1604233547),('CD000000','CYP17A1',2142030136),('CD000000','CYP17A1',463708752),('CD000000','CYP17A1',484400394),('CD000000','CYP17A1',707040210),('CD000000','CYP19A1',1183119640),('CD000000','CYP19A1',1944720520),('CD000000','CYP19A1',2142030136),('CD000000','CYP19A1',895147464),('CD000000','CYP1A1',1183119640),('CD000000','CYP1A1',1724977416),('CD000000','CYP1A2',344847678),('CD000000','CYP1B1',1183119640),('CD000000','CYP1B1',1604233547),('CD000000','CYP1B1',463708752),('CD000000','CYP1B1',490625932),('CD000000','CYP1B1',56393555),('CD000000','CYP1B1',707040210),('CD000000','CYP3A43',1510452280),('CD000000','CYP3A5',1724977416),('CD000000','CYP4F22',930531355),('CD000000','DAB2IP',1604233547),('CD000000','DCLRE1A',707040210),('CD000000','DCLRE1B',707040210),('CD000000','DCLRE1C',1604233547),('CD000000','DCLRE1C',707040210),('CD000000','DEAF1',2046393891),('CD000000','DHCR7',256146117),('CD000000','DHCR7',707040210),('CD000000','DIABLO',341511115),('CD000000','DLEC1',707040210),('CD000000','DMBT1',1724977416),('CD000000','DNAH11',707040210),('CD000000','DNMT3B',895147464),('CD000000','DSC2',59698081),('CD000000','DTNA',1158379124),('CD000000','EBP',2008065852),('CD000000','EDAR',1825910280),('CD000000','EDEM1',1604233547),('CD000000','EDNRA',138036860),('CD000000','EGFR',1183119640);
INSERT INTO `hgmd_mutation` VALUES ('CD000000','EGFR',1604233547),('CD000000','EGFR',707040210),('CD000000','EGFR',959106952),('CD000000','EHMT1',895147464),('CD000000','EHMT2',1724977416),('CD000000','ELMOD3',1762673304),('CD000000','EMILIN1',2041268404),('CD000000','ENAM',236984108),('CD000000','ENPP1',1028364251),('CD000000','ENPP1',119754280),('CD000000','EPB41L1',2046393891),('CD000000','EPHX1',707040210),('CD000000','EPS8L2',706711397),('CD000000','ERBB2',1183119640),('CD000000','ERBB2',1644351016),('CD000000','ERBB2',1724977416),('CD000000','ERBB2',971833855),('CD000000','ERCC2',2142030136),('CD000000','ERCC2',534884878),('CD000000','ERCC2',819015880),('CD000000','ERCC3',1604233547),('CD000000','ERCC6',707040210),('CD000000','ESCO2',707040210),('CD000000','ESR1',326717512),('CD000000','ESR2',1604233547),('CD000000','ESRRB',1586978041),('CD000000','ESRRG',1183119640),('CD000000','EXOSC2',256146117),('CD000000','EXOSC3',256146117),('CD000000','EYA4',151055928),('CD000000','EYS',309114950),('CD000000','EZH2',707040210),('CD000000','F3',1953006562),('CD000000','FAAH2',1781127460),('CD000000','FAM136A',1158379124),('CD000000','FANCA',58829111),('CD000000','FANCC',379988665),('CD000000','FANCC',58829111),('CD000000','FANCD2',1183119640),('CD000000','FANCD2',1724977416),('CD000000','FANCF',707040210),('CD000000','FANCL',1604233547),('CD000000','FANCL',707040210),('CD000000','FANCM',1183119640),('CD000000','FANCM',1604233547),('CD000000','FANCM',1889443755),('CD000000','FANCM',2142787028),('CD000000','FARS2',1497758885),('CD000000','FAS',1183119640),('CD000000','FAS',602441163),('CD000000','FASLG',1183119640),('CD000000','FBH1',1530211275),('CD000000','FBN1',18365595),('CD000000','FEN1',707040210),('CD000000','FGD1',2046393891),('CD000000','FGF14',1774281452),('CD000000','FGFR2',1183119640),('CD000000','FGFR2',1724977416),('CD000000','FGFR2',971833855),('CD000000','FKBPL',660139211),('CD000000','FLNB',707040210),('CD000000','FLNC',707040210),('CD000000','FLT4',707040210),('CD000000','FMR1',1497126970),('CD000000','FOLH1',257901656),('CD000000','FOXC1',1613796731),('CD000000','FOXD3',1857749426),('CD000000','FOXP3',1604233547),('CD000000','FSCN2',309114950),('CD000000','FTO',707040210),('CD000000','FZD5',679448364),('CD000000','GAB1',1761964603),('CD000000','GABRG2',242653774),('CD000000','GAD1',1901215131),('CD000000','GATA2',707040210),('CD000000','GATA2',797809625),('CD000000','GATA3',2376136),('CD000000','GATAD2B',1648562638),('CD000000','GEMIN4',416559724),('CD000000','GEN1',1864917852),('CD000000','GHRHR',1944720520),('CD000000','GHSR',707040210),('CD000000','GIPC3',1586978041),('CD000000','GJA1',2053970630),('CD000000','GJB2',1802936017),('CD000000','GJB2',2376136),('CD000000','GLI1',1493697227),('CD000000','GMPPA',256146117),('CD000000','GNA11',1368843514),('CD000000','GPRIN1',1956499279),('CD000000','GPSM2',341511115),('CD000000','GPT2',256146117),('CD000000','GPX1',1183119640),('CD000000','GPX1',1717361320),('CD000000','GRIK2',1814071465),('CD000000','GRIN1',1648562638),('CD000000','GRK1',462836405),('CD000000','GRXCR1',1586978041),('CD000000','GRXCR1',341511115),('CD000000','GRXCR2',341511115);
INSERT INTO `hgmd_mutation` VALUES ('CD000000','GRXCR2',706711397),('CD000000','GSDME',341511115),('CD000000','GSPT2',1781127460),('CD000000','GSTM1',206704624),('CD000000','GSTM1',895147464),('CD000000','GSTP1',1604233547),('CD000000','GSTP1',660139211),('CD000000','GTF2H5',930531355),('CD000000','GUCA1B',309114950),('CD000000','GUCA1B',75709236),('CD000000','GUCY2D',615748500),('CD000000','H19',1604233547),('CD000000','HAX1',1975678341),('CD000000','HELQ',707040210),('CD000000','HGF',2053709506),('CD000000','HIVEP2',2046393891),('CD000000','HMGB3',1570987840),('CD000000','HNF1A',909434045),('CD000000','HOMER2',1436561100),('CD000000','HOXB13',1183119640),('CD000000','HPGD',1604233547),('CD000000','HPS6',707040210),('CD000000','HRNR',256146117),('CD000000','HSD17B10',157058450),('CD000000','HSD17B1',2082592616),('CD000000','hsf4b',18365595),('CD000000','HUWE1',44908869),('CD000000','IL21',261734360),('CD000000','ILDR1',1311133085),('CD000000','ILDR1',324981947),('CD000000','ILDR1',341511115),('CD000000','IQGAP1',1183119640),('CD000000','IRF6',716651056),('CD000000','IRF8',179513722),('CD000000','ITGB3',1384787654),('CD000000','ITGB4',353235596),('CD000000','KARS',341511115),('CD000000','KAT6A',1648562638),('CD000000','KCNQ3',2046393891),('CD000000','KCNQ4',329943363),('CD000000','KCNT1',525126252),('CD000000','KDM4C',823883252),('CD000000','KDM5A',707040210),('CD000000','KDM5B',2046393891),('CD000000','KIF1A',2046393891),('CD000000','KIF1C',1164335013),('CD000000','KLHL1',1604233547),('CD000000','KMT5A',1025513864),('CD000000','KNG1',1953006562),('CD000000','KRT71',643102669),('CD000000','L1CAM',325678255),('CD000000','LAGE3',1508947676),('CD000000','lama3tv1',707040210),('CD000000','LEPR',1183119640),('CD000000','LEPR',707040210),('CD000000','LGALS3',1724977416),('CD000000','LGR6',707040210),('CD000000','LHCGR',2053709506),('CD000000','LHFPL5',341511115),('CD000000','LHX8',716651056),('CD000000','LINS1',256146117),('CD000000','LIPN',833831980),('CD000000','LOX',517381252),('CD000000','LPL',1514719731),('CD000000','LTBP4',1021177775),('CD000000','MAGEB4',1793829023),('CD000000','mamld1tv1',1900674756),('CD000000','MAOA',1781127460),('CD000000','MAP3K1',1510423544),('CD000000','MAP3K1',660139211),('CD000000','MAPKAP1',2142787028),('CD000000','MARVELD2',341511115),('CD000000','MC3R',1792172916),('CD000000','MC4R',204212903),('CD000000','MC4R',56959048),('CD000000','MCAT',707040210),('CD000000','MCC',707040210),('CD000000','MCPH1',707040210),('CD000000','MDM2',1578223896),('CD000000','MDM2',895147464),('CD000000','MDM2',941709806),('CD000000','MDM4',1530211275),('CD000000','MECP2',2046393891),('CD000000','MECP2',585991989),('CD000000','MED12',1516670652),('CD000000','MED25',2046393891),('CD000000','MEP1B',1604233547),('CD000000','MET',2083261501),('CD000000','MFSD4B',707040210),('CD000000','MID2',1781127460),('CD000000','MIIP',895147464),('CD000000','MIP',18365595),('CD000000','MIR125A',1183119640),('CD000000','MIR146A',1604233547),('CD000000','MIR146A',909434045),('CD000000','MIR196A2',1724977416),('CD000000','MIR196A2',909434045),('CD000000','MIR499A',1724977416),('CD000000','MIR608',115477755),('CD000000','MKRN3',1792172916);
INSERT INTO `hgmd_mutation` VALUES ('CD000000','MLH1',379988665),('CD000000','MLH1',868034427),('CD000000','MMP1',707040210),('CD000000','MMP2',707040210),('CD000000','MMP7',895147464),('CD000000','MMP9',1183119640),('CD000000','MPL',707040210),('CD000000','MPO',707040210),('CD000000','MRE11',971833855),('CD000000','MSH2',1099346987),('CD000000','MSH2',2122012891),('CD000000','MSH6',1975772082),('CD000000','MSH6',868034427),('CD000000','MSH6',929146305),('CD000000','msrb3i2',1586978041),('CD000000','MSX1',1183119640),('CD000000','MSX1',386965364),('CD000000','MSX2',716651056),('CD000000','MTHFR',1183119640),('CD000000','MTUS1',1944720520),('CD000000','MUC1',1666996596),('CD000000','MUC1',766297986),('CD000000','MUTYH',1183119640),('CD000000','MUTYH',18959688),('CD000000','MUTYH',1957866605),('CD000000','MUTYH',448889660),('CD000000','MUTYH',551540755),('CD000000','MUTYH',58829111),('CD000000','MYC',1724977416),('CD000000','MYCL',344847678),('CD000000','MYH8',707040210),('CD000000','MYO15A',706711397),('CD000000','MYO1A',1311133085),('CD000000','MYO1A',1436561100),('CD000000','MYO1A',341511115),('CD000000','MYOC',18365595),('CD000000','MYOT',373954599),('CD000000','N4BP1',256146117),('CD000000','NAA10',2046393891),('CD000000','NAA10',708918052),('CD000000','NANP',1956499279),('CD000000','NARS',256146117),('CD000000','NAT1',707040210),('CD000000','NBN',1183119640),('CD000000','NBN',1679246286),('CD000000','NBN',1724977416),('CD000000','NBN',660139211),('CD000000','NCF1',1389561941),('CD000000','NCOA3',1510423544),('CD000000','NCOA3',895147464),('CD000000','NEFL',15049883),('CD000000','NEUROD1',1353292357),('CD000000','NEXMIF',2046393891),('CD000000','NF1',226193617),('CD000000','nf1tv1',707040210),('CD000000','NFRKB',707040210),('CD000000','NOS3',1183119640),('CD000000','NOTCH1',1648562638),('CD000000','NOTCH2',1956499279),('CD000000','NOTCH2',707040210),('CD000000','NPAS2',1724977416),('CD000000','NQO1',1183119640),('CD000000','NQO1',999717139),('CD000000','NQO2',971833855),('CD000000','NRL',1353292357),('CD000000','NRXN1',2046393891),('CD000000','NRXN1',256146117),('CD000000','NSD1',707040210),('CD000000','NTRK1',354512161),('CD000000','NXPH1',1604233547),('CD000000','OGG1',1183119640),('CD000000','OGG1',458168958),('CD000000','OGG1',615715336),('CD000000','OPN1LW',1020690460),('CD000000','OPN1MW',261795510),('CD000000','orf15',1517259420),('CD000000','OSBPL2',6591604),('CD000000','otoftv4',341511115),('CD000000','p14arf',707040210),('CD000000','P2RX2',1436561100),('CD000000','P2RX7',1600175640),('CD000000','PAH',341511115),('CD000000','PAK3',1781127460),('CD000000','PALB2',1622722650),('CD000000','PALB2',1674803145),('CD000000','PALB2',2110719133),('CD000000','PALB2',379988665),('CD000000','PALB2',58829111),('CD000000','PALB2',765784430),('CD000000','PAX6',18365595),('CD000000','PAX6',1897673036),('CD000000','PAX6',272342228),('CD000000','pcdh15tvk',341511115),('CD000000','PCM1',707040210),('CD000000','PDE11A',707040210),('CD000000','PDE4D',707040210),('CD000000','PDGFB',1429270583),('CD000000','PDGFRB',1300961198),('CD000000','PDK3',1726075530),('CD000000','PEMT',1183119640);
INSERT INTO `hgmd_mutation` VALUES ('CD000000','PEX1',256146117),('CD000000','PEX2',1670923073),('CD000000','PHB',1598195102),('CD000000','PHB',463708752),('CD000000','PHF8',312031009),('CD000000','phf8tv1',312031009),('CD000000','PHKB',707040210),('CD000000','PIF1',707040210),('CD000000','PIGA',1781127460),('CD000000','PIK3CA',971833855),('CD000000','PIN1',1944720520),('CD000000','PINK1',1956499279),('CD000000','PJVK',1586978041),('CD000000','PKD1',1883022798),('CD000000','PLA2G5',1189113548),('CD000000','PLA2G6',72110771),('CD000000','PLA2G7',602441163),('CD000000','plectv2',814906331),('CD000000','PLEKHG4',1246818036),('CD000000','PLK1',707040210),('CD000000','PLP1',440983620),('CD000000','PLP2',96663206),('CD000000','PLS3',1397448814),('CD000000','PLXNB3',2046393891),('CD000000','PML',707040210),('CD000000','PMM2',256146117),('CD000000','PMS1',707040210),('CD000000','PMS2',1090356095),('CD000000','PMS2',868034427),('CD000000','PNPLA6',1497758885),('CD000000','POLG',1183119640),('CD000000','POLG',257901656),('CD000000','POLH',707040210),('CD000000','POLK',1956499279),('CD000000','POLR1C',82438163),('CD000000','POMGNT1',1353292357),('CD000000','PON1',1183119640),('CD000000','POR',914923494),('CD000000','POU4F3',341511115),('CD000000','PPARGC1A',707040210),('CD000000','PPARGC1B',707040210),('CD000000','PPIP5K2',341511115),('CD000000','PPP2R1B',1183119640),('CD000000','PRF1',707040210),('CD000000','PRKCB',341511115),('CD000000','PRKN',213112639),('CD000000','PRKN',58829111),('CD000000','PRKRA',2046393891),('CD000000','PROCR',458002030),('CD000000','PROM1',1353292357),('CD000000','PROM1',309114950),('CD000000','PRPF31',126592948),('CD000000','PRPF3',309114950),('CD000000','PRPH2',603663146),('CD000000','PRRT2',1199562416),('CD000000','PRSS12',1814071465),('CD000000','PRSS1',996399983),('CD000000','PRSS2',1639466404),('CD000000','PSEN2',1233277684),('CD000000','PTEN',1636588952),('CD000000','PTEN',1724977416),('CD000000','PTEN',1792172916),('CD000000','PTPRF',2142787028),('CD000000','PTPRQ',1436561100),('CD000000','PYCR1',1478335499),('CD000000','PYCR1',1918904786),('CD000000','PYCR1',360293343),('CD000000','RAB28',344847678),('CD000000','RAB39B',1781127460),('CD000000','RAD50',971833855),('CD000000','RAD51',1183119640),('CD000000','RAD51',138036860),('CD000000','RAD51',1604233547),('CD000000','RAD51',1812361404),('CD000000','RAD51',377339272),('CD000000','RAD51',707040210),('CD000000','RAD51B',18959688),('CD000000','RAD51B',707040210),('CD000000','RAD51C',971833855),('CD000000','RAD51D',1724977416),('CD000000','RAD52',895147464),('CD000000','RAD54L',707040210),('CD000000','RASSF1',1183119640),('CD000000','RAX2',75709236),('CD000000','RBMX',9461898),('CD000000','RD3',1353292357),('CD000000','RDH12',309114950),('CD000000','RDX',1586978041),('CD000000','RECQL4',1604233547),('CD000000','REEP6',1353292357),('CD000000','RET',99905610),('CD000000','RHO',1353292357),('CD000000','RIMS1',309114950),('CD000000','RIPOR2',1311133085),('CD000000','RIPOR2',341511115),('CD000000','RNASEH2C',1530211275),('CD000000','RNASEL',390112595),('CD000000','RNASEL',707040210),('CD000000','RNF170',109467296),('CD000000','ROCK2',743824174);
INSERT INTO `hgmd_mutation` VALUES ('CD000000','ROPN1L',138036860),('CD000000','RP1L1',632968421),('CD000000','RP2',704480984),('CD000000','RPE65',309114950),('CD000000','rpgr11a',383863564),('CD000000','RPGRIP1',1353292357),('CD000000','RPS6KA3',1710158779),('CD000000','RPS6KA3',1781127460),('CD000000','RYR1',1147602291),('CD000000','RYR3',1724977416),('CD000000','S1PR2',706711397),('CD000000','S1PR3',2142787028),('CD000000','SACS',128980012),('CD000000','SAG',1108497125),('CD000000','SATB2',2046393891),('CD000000','SATB2',716651056),('CD000000','SCN2A',1305474090),('CD000000','SCN2A',530069005),('CD000000','SCN5A',1962427897),('CD000000','SCN8A',1453616740),('CD000000','SCN8A',2046393891),('CD000000','SCN9A',354512161),('CD000000','SDHB',707040210),('CD000000','SDHC',707040210),('CD000000','SDHD',707040210),('CD000000','SELENOI',1857525825),('CD000000','SEMA4A',309114950),('CD000000','SERPINB6',1311133085),('CD000000','SERPINE1',1953006562),('CD000000','SETBP1',2046393891),('CD000000','SETMAR',707040210),('CD000000','SHANK3',2046393891),('CD000000','SHBG',1866590312),('CD000000','SHBG',2065273868),('CD000000','SHOX',154948672),('CD000000','SIPA1',895147464),('CD000000','SKI',716651056),('CD000000','SLBP',2142787028),('CD000000','SLC14A2',256146117),('CD000000','SLC16A12',18365595),('CD000000','SLC16A2',1814812732),('CD000000','SLC17A8',1436561100),('CD000000','SLC17A8',341511115),('CD000000','SLC22A11',263990248),('CD000000','SLC22A4',1586978041),('CD000000','SLC26A4',1311133085),('CD000000','SLC2A2',354512161),('CD000000','SLC33A1',458112376),('CD000000','SLC4A7',707040210),('CD000000','SLC6A1',2046393891),('CD000000','SLC6A8',1284467492),('CD000000','slc9a6tv1',628263653),('CD000000','SMARCA4',707040210),('CD000000','smarcad1v4',1271795084),('CD000000','SNX10',986311845),('CD000000','SNX14',383668197),('CD000000','SOST',263990248),('CD000000','SOX11',1648562638),('CD000000','SOX3',1195852717),('CD000000','SP7',1208242860),('CD000000','SPANXC',341511115),('CD000000','SPARC',263990248),('CD000000','SPATA7',2016678597),('CD000000','SPG11',256146117),('CD000000','SPG7',1497758885),('CD000000','SPP1',823883252),('CD000000','SPTBN2',1171849620),('CD000000','SRD5A2',1530211275),('CD000000','SRD5A3',256146117),('CD000000','SST',1546705616),('CD000000','SSTR2',1546705616),('CD000000','STAG1',2046393891),('CD000000','STAT3',1823590176),('CD000000','STKLD1',1493697227),('CD000000','STRN',1604233547),('CD000000','STS',1378617011),('CD000000','SULT1A1',1459578488),('CD000000','SULT1A1',615715336),('CD000000','SYNCRIP',2046393891),('CD000000','SYNE1',1557361083),('CD000000','TAF1',1827525640),('CD000000','TAF1',1964763469),('CD000000','TBX10',716651056),('CD000000','TCIRG1',2079065554),('CD000000','TCIRG1',400801742),('CD000000','TCOF1',1336927062),('CD000000','TDP1',707040210),('CD000000','TECR',1814071465),('CD000000','TERT',1183119640),('CD000000','TERT',1498594061),('CD000000','TERT',1604233547),('CD000000','TERT',1724977416),('CD000000','TERT',660139211),('CD000000','TEX15',1183119640),('CD000000','TFAP2B',1735386760),('CD000000','TGFB1',1183119640),('CD000000','TGFB1',660139211),('CD000000','TGFB1',707040210),('CD000000','TGFB1',926789528),('CD000000','TGFB2',963257714);
INSERT INTO `hgmd_mutation` VALUES ('CD000000','TGFBR1',1183119640),('CD000000','TGFBR1',1697052104),('CD000000','TGFBR2',257901656),('CD000000','THBD',1953006562),('CD000000','TIMP3',2142787028),('CD000000','TLR2',1183119640),('CD000000','TLR2',1604233547),('CD000000','TLR4',1183119640),('CD000000','TLR6',1183119640),('CD000000','TMC1',1700019195),('CD000000','TMC1',324981947),('CD000000','TMC1',706711397),('CD000000','TMEM132E',1311133085),('CD000000','TMEM187',825756924),('CD000000','TMPRSS3',1620352421),('CD000000','TMPRSS3',324981947),('CD000000','TMPRSS4',1196996645),('CD000000','TNF',1183119640),('CD000000','TNF',337442210),('CD000000','TNFSF10',1183119640),('CD000000','TNFSF8',2142787028),('CD000000','TOX3',1183119640),('CD000000','TP53',1025513864),('CD000000','TP53',1183119640),('CD000000','TP53',1426195263),('CD000000','TP53',1592301554),('CD000000','TP53',1971407046),('CD000000','TP53',868034427),('CD000000','TP53',941709806),('CD000000','TP53BP1',497781300),('CD000000','TP63',31098068),('CD000000','TPM3',1779681112),('CD000000','TPO',256146117),('CD000000','TPRN',1311133085),('CD000000','TRAPPC9',219859867),('CD000000','TRDN',1727076955),('CD000000','TRIM36',588541687),('CD000000','TSC1',1195642986),('CD000000','TTC19',247721211),('CD000000','TTC8',707040210),('CD000000','ttnltv',1655697700),('CD000000','TULP1',1710550706),('CD000000','TULP1',2016678597),('CD000000','TYMS',1344022360),('CD000000','UBA1',236409820),('CD000000','UBA3',2142787028),('CD000000','UBE2I',1183119640),('CD000000','UBE2T',707040210),('CD000000','UBQLN2',442676900),('CD000000','UGCG',2066302107),('CD000000','UGT1A1',556722860),('CD000000','UQCRC1',1504186761),('CD000000','USH1G',1586978041),('CD000000','USHBP1',707040210),('CD000000','VEGFA',1170583034),('CD000000','VEGFA',1183119640),('CD000000','VEGFA',1530211275),('CD000000','VPS13B',256146117),('CD000000','WAC',853541203),('CD000000','WASHC4',2046393891),('CD000000','WDR13',1781127460),('CD000000','WDR36',18365595),('CD000000','WDR43',1183119640),('CD000000','WFS1',1336927062),('CD000000','WFS1',1897673036),('CD000000','WFS1',37226889),('CD000000','WNK4',263990248),('CD000000','WNT8A',2142787028),('CD000000','WRAP53',497781300),('CD000000','WRN',1183119640),('CD000000','WRN',1604233547),('CD000000','WT1',707040210),('CD000000','WWOX',436966455),('CD000000','wwoxtv2',436966455),('CD000000','XIAP',1553361204),('CD000000','XRCC1',344847678),('CD000000','XRCC1',707040210),('CD000000','XRCC1',819015880),('CD000000','XRCC2',1183119640),('CD000000','XRCC2',547108366),('CD000000','XRCC3',1183119640),('CD000000','XRCC3',257901656),('CD000000','XRCC3',292958770),('CD000000','XRCC4',1183119640),('CD000000','XRCC4',707040210),('CD000000','XRCC6',1183119640),('CD000000','YAP1',1604233547),('CD000000','ZBTB18',2046393891),('CD000000','ZBTB33',1781127460),('CD000000','ZMYM3',1781127460),('CD000000','ZNF217',707040210),('CD000000','ZNF335',458808439),('CD000000','ZNF350',257901656),('CD000000','ZNF365',1604233547),('CD000000','ZNF41',2046393891),('CD000000','ZNF513',1353292357),('HD971836','SPAST',458112376),('HI030004','CYP19A1',707040210),('HI080012','PHEX',1706858396),('HI971401','BRCA2',707040210);
INSERT INTO `hgmd_mutation` VALUES ('HM030030','MSH2',707040210),('HM060050','GJB1',1812307727),('HM060055','SPAST',458112376),('HM0659','RP2',383863564),('HM0693','CRB1',1353292357),('HM070042','PRKN',1071184203),('HM070043','PRKN',1071184203),('HM070045','PRKN',1071184203),('HM070046','PRKN',1071184203),('HM070060','GJB1',1812307727),('HM070061','GJB1',1812307727),('HM070062','GJB1',1812307727),('HM070063','GJB1',1812307727),('HM080106','SPAST',458112376),('HM080107','SPAST',458112376),('HM090015','SLC26A4',1586978041),('HM971469','BRCA2',707040210),('HS080006','RPGR',383863564),('HX070002','GJB1',1812307727);

/*!40000 ALTER TABLE `hgmd_mutation` ENABLE KEYS */;
UNLOCK TABLES;

--
-- Table structure for table `hgmd_phenotype`
--

DROP TABLE IF EXISTS `hgmd_phenotype`;
/*!40101 SET @saved_cs_client     = @@character_set_client */;
/*!40101 SET character_set_client = utf8 */;
CREATE TABLE `hgmd_phenotype` (
  `phen_id` int(11) NOT NULL,
  `phenotype` varchar(125) COLLATE utf8_unicode_ci DEFAULT NULL,
  PRIMARY KEY (`phen_id`),
  KEY `k_hgmd_phenotype_concept` (`phenotype`)
) ENGINE=MyISAM DEFAULT CHARSET=utf8 COLLATE=utf8_unicode_ci;
/*!40101 SET character_set_client = @saved_cs_client */;

--
-- Dumping data for table `hgmd_phenotype`
--

LOCK TABLES `hgmd_phenotype` WRITE;
/*!40000 ALTER TABLE `hgmd_phenotype` DISABLE KEYS */;

/*!40000 ALTER TABLE `hgmd_phenotype` ENABLE KEYS */;
UNLOCK TABLES;

--
-- Table structure for table `phenotype_concept`
--

DROP TABLE IF EXISTS `phenotype_concept`;
/*!40101 SET @saved_cs_client     = @@character_set_client */;
/*!40101 SET character_set_client = utf8 */;
CREATE TABLE `phenotype_concept` (
  `phen_id` int(11) NOT NULL,
  `rela` enum('root','is_a','is_not','sibling_of') COLLATE utf8_unicode_ci NOT NULL,
  `cui` varchar(10) COLLATE utf8_unicode_ci NOT NULL DEFAULT '',
  PRIMARY KEY (`phen_id`,`rela`,`cui`),
  KEY `my_cui_key` (`cui`)
) ENGINE=MyISAM DEFAULT CHARSET=utf8 COLLATE=utf8_unicode_ci;
/*!40101 SET character_set_client = @saved_cs_client */;

--
-- Dumping data for table `phenotype_concept`
--

LOCK TABLES `phenotype_concept` WRITE;
/*!40000 ALTER TABLE `phenotype_concept` DISABLE KEYS */;
INSERT INTO `phenotype_concept` VALUES (2376136,'root','C0443147'),(3173114,'root','C0441748'),(6591604,'root','C0443147'),(9461898,'root','C0241764'),(13616524,'root','C0443147'),(13661560,'root','C0241764'),(15049883,'root','C0441748'),(15719733,'root','C0678222'),(18365595,'root','C0441748'),(18959688,'root','C0678222'),(25806452,'root','C0443147'),(32701333,'root','C0678222'),(37226889,'root','C0441748'),(41353595,'root','C0678222'),(42446764,'root','C0678222'),(44228091,'root','C0441748'),(44599340,'root','C0443147'),(44908869,'root','C0241764'),(56393555,'root','C0678222'),(56959048,'root','C0443147'),(58829111,'root','C0678222'),(59698081,'root','C0441748'),(72110771,'root','C0441748'),(73083291,'root','C0441748'),(75709236,'root','C0443147'),(82438163,'root','C0441748'),(93962107,'root','C0441748'),(96663206,'root','C0241764'),(99905610,'root','C0241764'),(107822867,'root','C0678222'),(109467296,'root','C0443147'),(115477755,'root','C0678222'),(116484733,'root','C0441748'),(118032364,'root','C0443147'),(122009172,'root','C0241764'),(126592948,'root','C0443147'),(128758931,'root','C0241764'),(138036860,'root','C0678222'),(144786389,'root','C0441748'),(154948672,'root','C0241764'),(157058450,'root','C0241764'),(158239744,'root','C0443147'),(159119868,'root','C0241764'),(161630193,'root','C0441748'),(170100850,'root','C0678222'),(178082208,'root','C0443147'),(179513722,'root','C0443147'),(191514555,'root','C0441748'),(204212903,'root','C0441748'),(213112639,'root','C0678222'),(216677808,'root','C0443147'),(219859867,'root','C0441748'),(224981585,'root','C0441748'),(225477723,'root','C0441748'),(226193617,'root','C0678222'),(230896027,'root','C0441748'),(236409820,'root','C0241764'),(236664893,'root','C0441748'),(236984108,'root','C0443147'),(246124806,'root','C0443147'),(246428596,'root','C0443147'),(247721211,'root','C0441748'),(256146117,'root','C0441748'),(257901656,'root','C0678222'),(260650632,'root','C0678222'),(261734360,'root','C0678222'),(261795510,'root','C0241764'),(271138491,'root','C0441748'),(272342228,'root','C0443147'),(272741996,'root','C0443147'),(276098455,'root','C0241764'),(288056644,'root','C0443147'),(292958770,'root','C0678222'),(294390522,'root','C0241764'),(300770995,'root','C0678222'),(308146058,'root','C0241764'),(309114950,'root','C0443147'),(312031009,'root','C0241764'),(324848420,'root','C0241764'),(324981947,'root','C0441748'),(325678255,'root','C0241764'),(326717512,'root','C0678222'),(329943363,'root','C0443147'),(334887141,'root','C0441748'),(344322527,'root','C0441748'),(344847678,'root','C0678222'),(348231748,'root','C0241764'),(353235596,'root','C0443147'),(354512161,'root','C0441748'),(355210667,'root','C0678222'),(360293343,'root','C0441748'),(365242157,'root','C0441748'),(371135327,'root','C0241764'),(372422085,'root','C0441748'),(373954599,'root','C0441748'),(377339272,'root','C0678222'),(379528297,'root','C0441748'),(379988665,'root','C0678222'),(383668197,'root','C0441748');
INSERT INTO `phenotype_concept` VALUES (383863564,'root','C0241764'),(386965364,'root','C0443147'),(388988437,'root','C0279563'),(389648622,'root','C0678222'),(390112595,'root','C0678222'),(394104004,'root','C0241764'),(400381444,'root','C0241764'),(400801742,'root','C0443147'),(406619643,'root','C0241764'),(416559724,'root','C0678222'),(427894159,'root','C0441748'),(433627524,'root','C0241764'),(436966455,'root','C0441748'),(437306820,'root','C0678222'),(440983620,'root','C0241764'),(442676900,'root','C0241764'),(448889660,'root','C0678222'),(449598791,'root','C0441748'),(449672237,'root','C0443147'),(451167931,'root','C0441748'),(453807763,'root','C0678222'),(454574868,'root','C0678222'),(458112376,'root','C0443147'),(458808439,'root','C0441748'),(461752987,'root','C0441748'),(462836405,'root','C0441748'),(463708752,'root','C0678222'),(464242315,'root','C0241764'),(465148451,'root','C0441748'),(483776388,'root','C0241764'),(484400394,'root','C0678222'),(490625932,'root','C0678222'),(497781300,'root','C0678222'),(507005246,'root','C0241764'),(517381252,'root','C0678222'),(525126252,'root','C0443147'),(529620146,'root','C0678222'),(534884878,'root','C0678222'),(546177555,'root','C0241764'),(547108366,'root','C0678222'),(551540755,'root','C0678222'),(566149684,'root','C0678222'),(575266180,'root','C0241764'),(585041275,'root','C0441748'),(585991989,'root','C0241764'),(588541687,'root','C0441748'),(589128404,'root','C0443147'),(600703115,'root','C0178421'),(603663146,'root','C0443147'),(604578043,'root','C0441748'),(607955820,'root','C0443147'),(615715336,'root','C0678222'),(615748500,'root','C0443147'),(619938648,'root','C0678222'),(628263653,'root','C0241764'),(632968421,'root','C0441748'),(634636386,'root','C0443147'),(634793477,'root','C0441748'),(635745092,'root','C0443147'),(640578342,'root','C0443147'),(641809124,'root','C0241764'),(643102669,'root','C0443147'),(644283385,'root','C0441748'),(651445365,'root','C0678222'),(653801883,'root','C0441748'),(660139211,'root','C0678222'),(679448364,'root','C0443147'),(689713188,'root','C0241764'),(704480984,'root','C0441748'),(704480984,'root','C0443147'),(706711397,'root','C0441748'),(707040210,'root','C0678222'),(708918052,'root','C0241764'),(709483332,'root','C0241764'),(710804549,'root','C0441748'),(719459134,'root','C0441748'),(730842699,'root','C0241764'),(743824174,'root','C0678222'),(748339079,'root','C0443147'),(758733758,'root','C0678222'),(765784430,'root','C0678222'),(766297986,'root','C0443147'),(788968643,'root','C0441748'),(790416628,'root','C0443147'),(805252140,'root','C0443147'),(819015880,'root','C0678222'),(823883252,'root','C0678222'),(824459401,'root','C0441748'),(825756924,'root','C0241764'),(827393381,'root','C0441748'),(827932716,'root','C0443147'),(833831980,'root','C0441748'),(839575812,'root','C0443147'),(844982968,'root','C0678222'),(856842188,'root','C0443147'),(868034427,'root','C0678222'),(872428812,'root','C0443147'),(874005567,'root','C0678222'),(890385143,'root','C0678222'),(895147464,'root','C0678222');
INSERT INTO `phenotype_concept` VALUES (895881253,'root','C0441748'),(908585692,'root','C0443147'),(910630973,'root','C0241764'),(914923494,'root','C0678222'),(920330308,'root','C0241764'),(923522242,'root','C0241764'),(926789528,'root','C0678222'),(927310611,'root','C0678222'),(929146305,'root','C0678222'),(930531355,'root','C0441748'),(941709806,'root','C0678222'),(942500987,'root','C0441748'),(953816968,'root','C0678222'),(955042962,'root','C0241764'),(959106952,'root','C0678222'),(963257714,'root','C0678222'),(971833855,'root','C0678222'),(972209679,'root','C0678222'),(978156596,'root','C0678222'),(979712115,'root','C0443147'),(985357315,'root','C0441748'),(986311845,'root','C0441748'),(986810346,'root','C0443147'),(999717139,'root','C0678222'),(1012253779,'root','C0678222'),(1020690460,'root','C0241764'),(1021177775,'root','C0441748'),(1025513864,'root','C0678222'),(1025930551,'root','C0441748'),(1028364251,'root','C0441748'),(1031112556,'root','C0443147'),(1037891299,'root','C0441748'),(1046014971,'root','C0678222'),(1051536507,'root','C0441748'),(1071184203,'root','C0441748'),(1090356095,'root','C0678222'),(1092487995,'root','C0441748'),(1097339340,'root','C0443147'),(1097695892,'root','C0443147'),(1099346987,'root','C0678222'),(1108497125,'root','C0441748'),(1109111707,'root','C0441748'),(1113522468,'root','C0241764'),(1114021499,'root','C0441748'),(1126194277,'root','C0441748'),(1134646265,'root','C0007124'),(1137107789,'root','C0241764'),(1147602291,'root','C0441748'),(1150163565,'root','C0443147'),(1156680072,'root','C0678222'),(1158379124,'root','C0443147'),(1164335013,'root','C0441748'),(1168627301,'root','C0441748'),(1170583034,'root','C0678222'),(1171849620,'root','C0441748'),(1183119640,'root','C0678222'),(1189113548,'root','C0441748'),(1189308165,'root','C0441748'),(1191002040,'root','C0241764'),(1195852717,'root','C0241764'),(1196996645,'root','C0441748'),(1199562416,'root','C0443147'),(1201902812,'root','C0241764'),(1205504366,'root','C0678222'),(1208242860,'root','C0441748'),(1221559244,'root','C0443147'),(1230388001,'root','C0441748'),(1233277684,'root','C0443147'),(1234970904,'root','C0443147'),(1243356268,'root','C0443147'),(1246818036,'root','C0443147'),(1258952527,'root','C0441748'),(1263122444,'root','C0887941'),(1269673895,'root','C0678222'),(1271795084,'root','C0443147'),(1284467492,'root','C0241764'),(1294068324,'root','C0241764'),(1294333937,'root','C0678222'),(1295853516,'root','C0443147'),(1295973451,'root','C0241764'),(1300961198,'root','C0443147'),(1303342568,'root','C0678222'),(1307372145,'root','C0241764'),(1311133085,'root','C0441748'),(1317367612,'root','C0241764'),(1325754131,'root','C0678222'),(1326027941,'root','C0441748'),(1327241863,'root','C0678222'),(1328444812,'root','C0443147'),(1336927062,'root','C0443147'),(1344022360,'root','C0678222'),(1346206105,'root','C0441748'),(1350577742,'root','C0441748'),(1353292357,'root','C0441748'),(1368779324,'root','C0241764'),(1368843514,'root','C0443147'),(1378617011,'root','C0241764'),(1384787654,'root','C0678222'),(1385541695,'root','C0241764'),(1389561941,'root','C0441748');
INSERT INTO `phenotype_concept` VALUES (1392219082,'root','C0443147'),(1397448814,'root','C0241764'),(1410849940,'root','C0443147'),(1412717915,'root','C0441748'),(1425915988,'root','C0443147'),(1426195263,'root','C0678222'),(1431399636,'root','C0443147'),(1436561100,'root','C0443147'),(1440465299,'root','C0678222'),(1457603355,'root','C0441748'),(1459256565,'root','C0241764'),(1459578488,'root','C0678222'),(1473784453,'root','C0678222'),(1478335499,'root','C0441748'),(1483725172,'root','C0443147'),(1493288727,'root','C0441748'),(1493697227,'root','C0441748'),(1497126970,'root','C0241764'),(1497758885,'root','C0441748'),(1498594061,'root','C0678222'),(1504186761,'root','C0443147'),(1504683305,'root','C0678222'),(1508947676,'root','C0241764'),(1510423544,'root','C0678222'),(1510452280,'root','C0678222'),(1515962966,'root','C0241764'),(1516670652,'root','C0241764'),(1517259420,'root','C0241764'),(1525862988,'root','C0443147'),(1527489858,'root','C0678222'),(1528393891,'root','C0441748'),(1530211275,'root','C0678222'),(1540343676,'root','C0241764'),(1541952647,'root','C0441748'),(1546705616,'root','C0678222'),(1550846504,'root','C0241764'),(1553361204,'root','C0241764'),(1554662023,'root','C0443147'),(1555869147,'root','C0441748'),(1556715772,'root','C0241764'),(1557361083,'root','C0441748'),(1562199836,'root','C0241764'),(1570987840,'root','C0241764'),(1574479568,'root','C0678222'),(1578223896,'root','C0678222'),(1578827051,'root','C0441748'),(1584768858,'root','C0443147'),(1586978041,'root','C0441748'),(1592301554,'root','C0678222'),(1596151401,'root','C0441748'),(1598195102,'root','C0678222'),(1603398068,'root','C0443147'),(1604233547,'root','C0678222'),(1617912242,'root','C0678222'),(1620352421,'root','C0441748'),(1622722650,'root','C0678222'),(1627736478,'root','C0241764'),(1636588952,'root','C0678222'),(1644351016,'root','C0678222'),(1645175757,'root','C0441748'),(1648562638,'root','C0443147'),(1666996596,'root','C0443147'),(1669820827,'root','C0441748'),(1670923073,'root','C0441748'),(1674803145,'root','C0678222'),(1679246286,'root','C0678222'),(1688113797,'root','C0441748'),(1692878486,'root','C0241764'),(1697052104,'root','C0678222'),(1700019195,'root','C0441748'),(1706858396,'root','C0241764'),(1708264082,'root','C0241764'),(1709987180,'root','C0443147'),(1710158779,'root','C0241764'),(1717361320,'root','C0678222'),(1724977416,'root','C0678222'),(1726075530,'root','C0241764'),(1727076955,'root','C0441748'),(1728135445,'root','C0678222'),(1740916968,'root','C0678222'),(1744361253,'root','C0678222'),(1745151297,'root','C0678222'),(1749288025,'root','C0441748'),(1759740200,'root','C0443147'),(1761964603,'root','C0441748'),(1762673304,'root','C0443147'),(1762942578,'root','C0241764'),(1774281452,'root','C0443147'),(1776002866,'root','C0678222'),(1779681112,'root','C0443147'),(1781127460,'root','C0241764'),(1787303608,'root','C0887941'),(1792172916,'root','C0443147'),(1795811996,'root','C0241764'),(1812307727,'root','C0241764'),(1812361404,'root','C0678222'),(1814071465,'root','C0441748'),(1814812732,'root','C0241764'),(1823590176,'root','C0443147'),(1827525640,'root','C0241764');
INSERT INTO `phenotype_concept` VALUES (1836539333,'root','C0441748'),(1844203410,'root','C0443147'),(1857525825,'root','C0441748'),(1857749426,'root','C0443147'),(1864400363,'root','C0241764'),(1864917852,'root','C0678222'),(1866590312,'root','C0678222'),(1874405963,'root','C0441748'),(1877774313,'root','C0441748'),(1883022798,'root','C0443147'),(1889443755,'root','C0678222'),(1897673036,'root','C0443147'),(1898837010,'root','C0678222'),(1900674756,'root','C0241764'),(1901215131,'root','C0441748'),(1908222288,'root','C0443147'),(1916055220,'root','C0443147'),(1918904786,'root','C0441748'),(1944720520,'root','C0678222'),(1949985143,'root','C0241764'),(1956499279,'root','C0678222'),(1957866605,'root','C0678222'),(1962427897,'root','C0441748'),(1963226095,'root','C0678222'),(1965334597,'root','C0441748'),(1971407046,'root','C0678222'),(1973531714,'root','C0241764'),(1975678341,'root','C0441748'),(1975772082,'root','C0678222'),(1983661646,'root','C0678222'),(1986295105,'root','C0241764'),(1992934508,'root','C0443147'),(1993332810,'root','C0241764'),(2008065852,'root','C0241764'),(2016678597,'root','C0441748'),(2018291483,'root','C0441748'),(2025723375,'root','C0678222'),(2041268404,'root','C0443147'),(2053709506,'root','C0678222'),(2053730919,'root','C0441748'),(2053970630,'root','C0443147'),(2065273868,'root','C0678222'),(2066302107,'root','C0441748'),(2069084210,'root','C0678222'),(2075458271,'root','C0441748'),(2077592596,'root','C0443147'),(2079065554,'root','C0441748'),(2082592616,'root','C0678222'),(2083261501,'root','C0678222'),(2101340763,'root','C0441748'),(2110719133,'root','C0678222'),(2122012891,'root','C0678222'),(2125459074,'root','C0241764'),(2135682170,'root','C0678222'),(2142030136,'root','C0678222'),(2142787028,'root','C0678222');
INSERT INTO `phenotype_concept` VALUES (178630119,'is_a','C0444868'),(2046393891,'is_a','C0444868'),(556722860,'is_a','C0444868'),(1498594061,'is_a','C0444868'),(754614509,'is_a','C0444868'),(1902173944,'is_a','C0444868'),(803487395,'is_a','C0444868'),(364350195,'is_a','C0444868'),(1503411406,'is_a','C1458155'),(1600175640,'is_a','C0444868'),(971358064,'is_a','C0444868'),(1613796731,'is_a','C0444868'),(1047385585,'is_a','C0444868'),(1853503303,'is_a','C0444868'),(1964763469,'is_a','C0444868'),(123388901,'is_a','C0444868'),(142879539,'is_a','C0444868'),(96363895,'is_a','C0444868'),(909434045,'is_a','C0444868'),(853541203,'is_a','C0444868'),(1498168229,'is_a','C0444868'),(373634830,'is_a','C0444868'),(1825910280,'is_a','C0444868'),(1920979129,'is_a','C0444868'),(1413312204,'is_a','C0444868'),(1716318745,'is_a','C0444868'),(1735386760,'is_a','C0444868'),(1210578199,'is_a','C0444868'),(1786369421,'is_a','C0444868'),(584019895,'is_a','C0444868'),(814906331,'is_a','C0444868'),(97509169,'is_a','C0444868'),(119754280,'is_a','C0444868'),(206704624,'is_a','C0444868'),(1693808067,'is_a','C0444868'),(1793829023,'is_a','C0444868'),(263990248,'is_a','C0444868'),(716651056,'is_a','C0444868'),(1601696696,'is_a','C0444868'),(1679373629,'is_a','C0444868'),(1779681112,'is_a','C0444868'),(267975111,'is_a','C0444868'),(2051354827,'is_a','C0444868'),(1802936017,'is_a','C0444868'),(1353455419,'is_a','C0444868'),(1389561941,'is_a','C0444868'),(1655697700,'is_a','C0444868'),(1016503420,'is_a','C0444868'),(543054579,'is_a','C0444868'),(959188318,'is_a','C0444868'),(708918052,'is_a','C0444868'),(458168958,'is_a','C0444868'),(1230479007,'is_a','C0444868'),(1083552249,'is_a','C0444868'),(1195642986,'is_a','C0444868'),(337442210,'is_a','C0444868'),(1429270583,'is_a','C0444868'),(1768032459,'is_a','C0444868'),(602441163,'is_a','C0444868'),(794827327,'is_a','C0444868'),(1910102463,'is_a','C0444868'),(530069005,'is_a','C0444868'),(1349645394,'is_a','C0444868'),(31098068,'is_a','C0444868'),(56959048,'is_a','C1708511'),(151055928,'is_a','C0444868'),(635852552,'is_a','C0444868'),(2017875122,'is_a','C0444868'),(1953006562,'is_a','C0444868'),(1431447711,'is_a','C0444868'),(1182491850,'is_a','C0444868'),(1973428281,'is_a','C0444868'),(230331225,'is_a','C0444868'),(1444297257,'is_a','C0444868'),(44228091,'is_a','C1708511'),(28129081,'is_a','C0444868'),(416559724,'is_a','C1458155'),(2015219675,'is_a','C0444868'),(458002030,'is_a','C0444868'),(1453616740,'is_a','C0444868'),(242653774,'is_a','C0444868'),(1514719731,'is_a','C0444868'),(1324987055,'is_a','C0444868'),(797809625,'is_a','C0444868'),(128980012,'is_a','C0444868'),(1845953415,'is_a','C0444868'),(1710550706,'is_a','C0444868'),(1723036363,'is_a','C0444868'),(996399983,'is_a','C0444868'),(576651443,'is_a','C0444868'),(341511115,'is_a','C0444868'),(1639466404,'is_a','C0444868'),(101044451,'is_a','C0444868'),(1199315828,'is_a','C0444868'),(1480821397,'is_a','C0444868'),(1305474090,'is_a','C0444868'),(1869169625,'is_a','C0444868'),(1431399636,'is_a','C1708511'),(2015017915,'is_a','C0444868'),(44908869,'root','C0241764');
/*!40000 ALTER TABLE `phenotype_concept` ENABLE KEYS */;
UNLOCK TABLES;
/*!40103 SET TIME_ZONE=@OLD_TIME_ZONE */;

/*!40101 SET SQL_MODE=@OLD_SQL_MODE */;
/*!40014 SET FOREIGN_KEY_CHECKS=@OLD_FOREIGN_KEY_CHECKS */;
/*!40014 SET UNIQUE_CHECKS=@OLD_UNIQUE_CHECKS */;
/*!40101 SET CHARACTER_SET_CLIENT=@OLD_CHARACTER_SET_CLIENT */;
/*!40101 SET CHARACTER_SET_RESULTS=@OLD_CHARACTER_SET_RESULTS */;
/*!40101 SET COLLATION_CONNECTION=@OLD_COLLATION_CONNECTION */;
/*!40111 SET SQL_NOTES=@OLD_SQL_NOTES */;

-- Dump completed on 2020-06-30 21:05:42
