
INSERT INTO `user`(`id`, `user_id`, `password`, `user_role`, `name`, `email`, `created`, `active`, `salt`) VALUES
(99, 'ahmustm1', '4bc26c3f212efe28ad8a58d655afb3f1dabc8eb9', 'user', 'Max Mustermann', 'no.mail@max.de', '2016-07-05', 1, 'salt123456salt123456salt123456salt123456');


INSERT INTO `device` (`id`, `type`, `name`) VALUES
(1, 'MiSeq', 'Neo');

INSERT INTO `sender` (`id`, `name`) VALUES
(1, 'Coriell');

INSERT INTO `project` (`id`, `name`, `type`, `internal_coordinator_id`, `analysis`) VALUES
(1, 'KontrollDNACoriell', 'test', 1, 'variants'),
(2, 'KontrollDNACoriell2', 'test', 1, 'variants');

INSERT INTO `sequencing_run` (`id`, `name`, `fcid`, `device_id`, `recipe`, `status`) VALUES
(1, '#00372', 'AB2J9', 1, '158+8+158', 'analysis_finished');

INSERT INTO `sample` (`id`, `name`, `name_external`, `sample_type`, `tissue`, `species_id`, `gender`, `quality`, `tumor`, `ffpe`, `sender_id`, `comment`, `disease_group`, `disease_status`) VALUES
(1, 'RX001', 'ex1', 'RNA', 'skin', 1, 'female', 'good', 0 ,0, 1, 'comment_s1', 'n/a', 'Affected'),
(2, 'RX002', 'ex2', 'RNA', 'skin', 1, 'female', 'good', 0 ,0, 1, 'comment_s2', 'n/a', 'Affected'),
(3, 'RX003', 'ex3', 'RNA', 'skin', 1, 'male', 'good', 0 ,0, 1, 'comment_s3', 'n/a', 'Affected'),
(4, 'RX004', 'ex4', 'RNA', 'skin', 1, 'male', 'good', 0 ,0, 1, 'comment_s4', 'n/a', 'Affected'),
(5, 'RX005', 'ex5', 'RNA', 'blood', 1, 'female', 'good', 0 ,0, 1, 'comment_s5', 'n/a', 'Affected'),
(6, 'RX006', 'ex6', 'RNA', 'blood', 1, 'female', 'good', 0 ,0, 1, 'comment_s6', 'n/a', 'Affected'),
(7, 'RX007', 'ex7', 'RNA', 'blood', 1, 'male', 'good', 0 ,0, 1, 'comment_s7', 'n/a', 'Affected'),
(8, 'RX008', 'ex8', 'RNA', 'blood', 1, 'male', 'good', 0 ,0, 1, 'comment_s8', 'n/a', 'Affected'),
(11, 'DX001', 'ex1', 'DNA', 'skin', 1, 'female', 'good', 0 ,0, 1, 'comment_s1', 'n/a', 'Affected'),
(12, 'DX002', 'ex2', 'DNA', 'skin', 1, 'female', 'good', 0 ,0, 1, 'comment_s2', 'n/a', 'Affected'),
(13, 'DX003', 'ex3', 'DNA', 'skin', 1, 'male', 'good', 0 ,0, 1, 'comment_s3', 'n/a', 'Affected'),
(14, 'DX004', 'ex4', 'DNA', 'skin', 1, 'male', 'good', 0 ,0, 1, 'comment_s4', 'n/a', 'Affected'),
(15, 'DX005', 'ex5', 'DNA', 'blood', 1, 'female', 'good', 0 ,0, 1, 'comment_s5', 'n/a', 'Affected'),
(16, 'DX006', 'ex6', 'DNA', 'blood', 1, 'female', 'good', 0 ,0, 1, 'comment_s6', 'n/a', 'Affected'),
(17, 'DX007', 'ex7', 'DNA', 'blood', 1, 'male', 'good', 0 ,0, 1, 'comment_s7', 'n/a', 'Affected'),
(18, 'DX008', 'ex8', 'DNA', 'blood', 1, 'male', 'good', 0 ,0, 1, 'comment_s8', 'n/a', 'Affected');

INSERT INTO `sample_relations`(`sample1_id`, `relation`, `sample2_id`) VALUES
(1, 'same sample', 11),
(2, 'same sample', 12),
(3, 'same sample', 13),
(4, 'same sample', 14),
(5, 'same sample', 15),
(6, 'same sample', 16),
(7, 'same sample', 17),
(8, 'same sample', 18);

INSERT INTO `processing_system` (`id`, `name_short`, `name_manufacturer`, `adapter1_p5`, `adapter2_p7`, `type`, `shotgun`, `target_file`, `genome_id`) VALUES
(1, 'nebRNAU2_mrna', 'NEBNext Ultra II Directional RNA mRNA', 'AGATCGGAAGAGCACACGTCTGAACTCCAGTCAC', 'AGATCGGAAGAGCGTCGTGTAGGGAAAGAGTGT', 'RNA', 1, 'nebRNAU2_mrna_2021_12_13.bed', 1);

INSERT INTO `processed_sample`(`id`, `sample_id`, `process_id`, `sequencing_run_id`, `lane`, `processing_system_id`, `project_id`, `quality`, `comment`, `normal_id`) VALUES
(5001, 1, 1, 1, '1', 1, 1, 'medium', 'comment_ps1', null),
(5002, 2, 1, 1, '1', 1, 2, 'good', 'comment_ps2', null),
(5003, 3, 1, 1, '1', 1, 1, 'medium', 'comment_ps3', null),
(5004, 4, 1, 1, '1', 1, 2, 'good', 'comment_ps4', null),
(5005, 5, 1, 1, '1', 1, 1, 'medium', 'comment_ps5', null),
(5006, 6, 1, 1, '1', 1, 2, 'good', 'comment_ps6', null),
(5007, 7, 1, 1, '1', 1, 1, 'medium', 'comment_ps7', null),
(5008, 8, 1, 1, '1', 1, 2, 'good', 'comment_ps8', null),
(6001, 11, 1, 1, '1', 1, 1, 'medium', 'comment_ps1', null),
(6002, 12, 1, 1, '1', 1, 2, 'good', 'comment_ps2', null),
(6003, 13, 1, 1, '1', 1, 1, 'medium', 'comment_ps3', null),
(6004, 14, 1, 1, '1', 1, 2, 'good', 'comment_ps4', null),
(6005, 15, 1, 1, '1', 1, 1, 'medium', 'comment_ps5', null),
(6006, 16, 1, 1, '1', 1, 2, 'good', 'comment_ps6', null),
(6007, 17, 1, 1, '1', 1, 1, 'medium', 'comment_ps7', null),
(6008, 18, 1, 1, '1', 1, 2, 'good', 'comment_ps8', null);

INSERT INTO `sample_disease_info` (`id`, `sample_id`, `disease_info`, `type`, `user_id`) VALUES
(1, 1, 'HPO:0123456', 'HPO term id', 99),
(2, 1, 'ICD10 test code 001', 'ICD10 code', 99),
(3, 2, 'HPO:6543210', 'HPO term id', 99),
(4, 2, 'ICD10 test code 002', 'ICD10 code', 99),
(5, 3, 'HPO:0123456', 'HPO term id', 99),
(6, 4, 'ICD10 test code 002', 'ICD10 code', 99),
(7, 15, 'ICD10 test code 001', 'ICD10 code', 99),
(8, 16, 'HPO:6543210', 'HPO term id', 99),
(9, 17, 'ICD10 test code 001', 'ICD10 code', 99),
(10, 18, 'ICD10 test code 002', 'ICD10 code', 99);


INSERT INTO `gene` (`id`, `hgnc_id`, `symbol`, `name`, `type`, `ensembl_id`) VALUES
(1, 32038, 'AADACL4', 'arylacetamide deacetylase like 4', 'protein-coding gene', 'ENSG00000204518'),
(2, 16754, 'ACAP3', 'ArfGAP with coiled-coil, ankyrin repeat and PH domains 3', 'protein-coding gene', 'ENSG00000131584'),
(3, 24157, 'ACOT7', 'acyl-CoA thioesterase 7', 'protein-coding gene', 'ENSG00000097021'),
(4, 24078, 'ANGPTL7', 'angiopoietin like 7', 'protein-coding gene', 'ENSG00000171819'),
(5, 26604, 'ARHGEF19', 'Rho guanine nucleotide exchange factor 19', 'protein-coding gene', 'ENSG00000142632'),
(6, 51528, 'BRWD1P1', 'bromodomain and WD repeat domain containing 1 pseudogene 1', 'pseudogene', 'ENSG00000215909'),
(7, 27915, 'C1ORF174', 'chromosome 1 open reading frame 174', 'protein-coding gene', 'ENSG00000198912'),
(8, 1245, 'C1QC', 'complement C1q C chain', 'protein-coding gene', 'ENSG00000159189'),
(9, 32308, 'C1QTNF12', 'C1q and TNF related 12', 'protein-coding gene', 'ENSG00000184163'),
(10, 24190, 'CAMK2N1', 'calcium/calmodulin dependent protein kinase II inhibitor 1', 'protein-coding gene', 'ENSG00000162545'),
(11, 18806, 'CAMTA1', 'calmodulin binding transcription activator 1', 'protein-coding gene', 'ENSG00000171735'),
(12, 40855, 'CAMTA1-AS2', 'CAMTA1 antisense RNA 2', 'non-coding RNA', 'ENSG00000237728'),
(13, 1511, 'CASP9', 'caspase 9', 'protein-coding gene', 'ENSG00000132906'),
(14, 1736, 'CDC42', 'cell division cycle 42', 'protein-coding gene', 'ENSG00000070831'),
(15, 15944, 'CELA3A', 'chymotrypsin like elastase 3A', 'protein-coding gene', 'ENSG00000142789'),
(16, 29368, 'CFAP74', 'cilia and flagella associated protein 74', 'protein-coding gene', 'ENSG00000142609'),
(17, 37742, 'CICP3', 'capicua transcriptional repressor pseudogene 3', 'pseudogene', 'ENSG00000229376'),
(18, 37756, 'CICP7', 'capicua transcriptional repressor pseudogene 7', 'pseudogene', 'ENSG00000233653'),
(19, 2024, 'CLCN6', 'chloride voltage-gated channel 6', 'protein-coding gene', 'ENSG00000011021'),
(20, 17447, 'CLSTN1', 'calsyntenin 1', 'protein-coding gene', 'ENSG00000171603'),
(21, 55080, 'DDX11L17', 'DEAD/H-box helicase 11 like 17 (pseudogene)', 'pseudogene', 'ENSG00000279928'),
(22, 25054, 'DRAXIN', 'dorsal inhibitory axon guidance protein', 'protein-coding gene', 'ENSG00000162490'),
(23, 55801, 'EFHD2-AS1', 'EFHD2 antisense RNA 1', 'non-coding RNA', 'ENSG00000228140'),
(24, 28957, 'EMC1', 'ER membrane protein complex subunit 1', 'protein-coding gene', 'ENSG00000127463'),
(25, 27635, 'FAM41C', 'family with sequence similarity 41 member C', 'non-coding RNA', 'ENSG00000230368'),
(26, 26717, 'FAM131C', 'family with sequence similarity 131 member C', 'protein-coding gene', 'ENSG00000185519'),
(27, 29249, 'FBXO42', 'F-box protein 42', 'protein-coding gene', 'ENSG00000037637'),
(28, 39381, 'HMGN2P17', 'high mobility group nucleosomal binding domain 2 pseudogene 17', 'pseudogene', 'ENSG00000238249'),
(29, 6229, 'KCNAB2', 'potassium voltage-gated channel subfamily A regulatory beta subunit 2', 'protein-coding gene', 'ENSG00000069424'),
(30, 28513, 'KIAA2013', 'KIAA2013', 'protein-coding gene', 'ENSG00000116685'),
(31, 52433, 'LINC01646', 'long intergenic non-protein coding RNA 1646', 'non-coding RNA', 'ENSG00000232596'),
(32, 52501, 'LINC01714', 'long intergenic non-protein coding RNA 1714', 'non-coding RNA', 'ENSG00000227634'),
(33, 52562, 'LINC01772', 'long intergenic non-protein coding RNA 1772', 'non-coding RNA', 'ENSG00000226029'),
(34, 54047, 'LINC02606', 'long intergenic non-protein coding RNA 2606', 'non-coding RNA', 'ENSG00000284693'),
(35, 54286, 'LINC02766', 'long intergenic non-protein coding RNA 2766', 'non-coding RNA', 'ENSG00000229484'),
(36, 54302, 'LINC02782', 'long intergenic non-protein coding RNA 2782', 'non-coding RNA', 'ENSG00000231510'),
(37, 54303, 'LINC02783', 'long intergenic non-protein coding RNA 2783', 'non-coding RNA', 'ENSG00000204362'),
(38, 54342, 'LINC02810', 'long intergenic non-protein coding RNA 2810', 'non-coding RNA', 'ENSG00000236648'),
(39, 29207, 'LRRC47', 'leucine rich repeat containing 47', 'protein-coding gene', 'ENSG00000130764'),
(40, 54537, 'MFFP1', 'MFF pseudogene 1', 'pseudogene', 'ENSG00000215720'),
(41, 48338, 'MICOS10-NBL1', 'MICOS10-NBL1 readthrough', 'other', 'ENSG00000270136'),
(42, 25715, 'MIIP', 'migration and invasion inhibitory protein', 'protein-coding gene', 'ENSG00000116691'),
(43, 31635, 'MIR34A', 'microRNA 34a', 'non-coding RNA', 'ENSG00000284357'),
(44, 31579, 'MIR200B', 'microRNA 200b', 'non-coding RNA', 'ENSG00000207730'),
(45, 35283, 'MIR1290', 'microRNA 1290', 'non-coding RNA', 'ENSG00000221662'),
(46, 52482, 'MIR1302-2HG', 'MIR1302-2 host gene', 'non-coding RNA', 'ENSG00000243485'),
(47, 38371, 'MIR3115', 'microRNA 3115', 'non-coding RNA', 'ENSG00000263793'),
(48, 38370, 'MIR4251', 'microRNA 4251', 'non-coding RNA', 'ENSG00000283572'),
(49, 38231, 'MIR4253', 'microRNA 4253', 'non-coding RNA', 'ENSG00000264014'),
(50, 41593, 'MIR4632', 'microRNA 4632', 'non-coding RNA', 'ENSG00000263676'),
(51, 7170, 'MMP23A', 'matrix metallopeptidase 23A (pseudogene)', 'pseudogene', 'ENSG00000215914'),
(52, 7171, 'MMP23B', 'matrix metallopeptidase 23B', 'protein-coding gene', 'ENSG00000189409'),
(53, 14478, 'MRPL20', 'mitochondrial ribosomal protein L20', 'protein-coding gene', 'ENSG00000242485'),
(54, 44571, 'MTATP8P1', 'MT-ATP8 pseudogene 1', 'pseudogene', 'ENSG00000240409'),
(55, 42092, 'MTND1P23', 'MT-ND1 pseudogene 23', 'pseudogene', 'ENSG00000225972'),
(56, 7542, 'MXRA8', 'matrix remodeling associated 8', 'protein-coding gene', 'ENSG00000162576'),
(57, 29831, 'NADK', 'NAD kinase', 'protein-coding gene', 'ENSG00000008130'),
(58, 25076, 'NBPF3', 'NBPF member 3', 'protein-coding gene', 'ENSG00000142794'),
(59, 7940, 'NPPB', 'natriuretic peptide B', 'protein-coding gene', 'ENSG00000120937'),
(60, 14825, 'OR4F5', 'olfactory receptor family 4 subfamily F member 5', 'protein-coding gene', 'ENSG00000186092'),
(61, 18368, 'PADI4', 'peptidyl arginine deiminase 4', 'protein-coding gene', 'ENSG00000159339'),
(62, 19366, 'PANK4', 'pantothenate kinase 4 (inactive)', 'protein-coding gene', 'ENSG00000157881'),
(63, 55101, 'PDE4DIPP10', 'PDE4DIP pseudogene 10', 'pseudogene', 'ENSG00000228823'),
(64, 14581, 'PINK1', 'PTEN induced kinase 1', 'protein-coding gene', 'ENSG00000158828'),
(65, 9038, 'PLA2G5', 'phospholipase A2 group V', 'protein-coding gene', 'ENSG00000127472'),
(66, 25284, 'PLEKHN1', 'pleckstrin homology domain containing N1', 'protein-coding gene', 'ENSG00000187583'),
(67, 28840, 'PRAMEF1', 'PRAME family member 1', 'protein-coding gene', 'ENSG00000116721'),
(68, 28841, 'PRAMEF2', 'PRAME family member 2', 'protein-coding gene', 'ENSG00000120952'),
(69, 24074, 'PRAMEF8', 'PRAME family member 8', 'protein-coding gene', 'ENSG00000182330'),
(70, 30693, 'PRAMEF18', 'PRAME family member 18', 'protein-coding gene', 'ENSG00000279804'),
(71, 24908, 'PRAMEF19', 'PRAME family member 19', 'protein-coding gene', 'ENSG00000204480'),
(72, 49179, 'PRAMEF25', 'PRAME family member 25', 'protein-coding gene', 'ENSG00000229571'),
(73, 51891, 'PRAMEF29P', 'PRAME family member 29, pseudogene', 'pseudogene', 'ENSG00000234064'),
(74, 9347, 'PRDM2', 'PR/SET domain 2', 'protein-coding gene', 'ENSG00000116731'),
(75, 30309, 'RER1', 'retention in endoplasmic reticulum sorting receptor 1', 'protein-coding gene', 'ENSG00000157916'),
(76, 46293, 'RN7SL277P', 'RNA, 7SL, cytoplasmic 277, pseudogene', 'pseudogene', 'ENSG00000240490'),
(77, 41127, 'RNF186-AS1', 'RNF186 antisense RNA 1', 'non-coding RNA', 'ENSG00000235434'),
(78, 32947, 'RNF207', 'ring finger protein 207', 'protein-coding gene', 'ENSG00000158286'),
(79, 10130, 'RNU1-3', 'RNA, U1 small nuclear 3', 'non-coding RNA', 'ENSG00000207513'),
(80, 34281, 'RNU6-37P', 'RNA, U6 small nuclear 37, pseudogene', 'pseudogene', 'ENSG00000199562'),
(81, 47098, 'RNU6-135P', 'RNA, U6 small nuclear 135, pseudogene', 'pseudogene', 'ENSG00000252578'),
(82, 47740, 'RNU6-777P', 'RNA, U6 small nuclear 777, pseudogene', 'pseudogene', 'ENSG00000201135'),
(83, 45734, 'RNU7-200P', 'RNA, U7 small nuclear 200 pseudogene', 'pseudogene', 'ENSG00000251914'),
(84, 35667, 'RPL7P11', 'ribosomal protein L7 pseudogene 11', 'pseudogene', 'ENSG00000234619'),
(85, 36708, 'RPL23AP19', 'ribosomal protein L23a pseudogene 19', 'pseudogene', 'ENSG00000229716'),
(86, 36176, 'RPL23AP24', 'ribosomal protein L23a pseudogene 24', 'pseudogene', 'ENSG00000236679'),
(87, 10458, 'RSC1A1', 'regulator of solute carriers 1', 'protein-coding gene', 'ENSG00000215695'),
(88, 13445, 'SLC2A7', 'solute carrier family 2 member 7', 'protein-coding gene', 'ENSG00000197241'),
(89, 53623, 'SLC25A34-AS1', 'SLC25A34 and TMEM82 antisense RNA 1', 'non-coding RNA', 'ENSG00000224459'),
(90, 42631, 'TBCAP2', 'tubulin folding cofactor A pseudogene 2', 'pseudogene', 'ENSG00000235829'),
(91, 20855, 'THAP3', 'THAP domain containing 3', 'protein-coding gene', 'ENSG00000041988'),
(92, 37099, 'TMEM88B', 'transmembrane protein 88B', 'protein-coding gene', 'ENSG00000205116'),
(93, 33719, 'TMEM201', 'transmembrane protein 201', 'protein-coding gene', 'ENSG00000188807'),
(94, 53732, 'TMEM274P', 'transmembrane protein 274, pseudogene', 'pseudogene', 'ENSG00000283611'),
(95, 11924, 'TNFRSF9', 'TNF receptor superfamily member 9', 'protein-coding gene', 'ENSG00000049249'),
(96, 40591, 'TP73-AS2', 'TP73 antisense RNA 2', 'non-coding RNA', 'ENSG00000235131'),
(97, 34297, 'TTC34', 'tetratricopeptide repeat domain 34', 'protein-coding gene', 'ENSG00000215912'),
(98, 26693, 'TTLL10', 'tubulin tyrosine ligase like 10', 'protein-coding gene', 'ENSG00000162571'),
(99, 18533, 'USP48', 'ubiquitin specific peptidase 48', 'protein-coding gene', 'ENSG00000090686'),
(100, 12644, 'VAMP3', 'vesicle associated membrane protein 3', 'protein-coding gene', 'ENSG00000049245'),
(101, 12783, 'WNT4', 'Wnt family member 4', 'protein-coding gene', 'ENSG00000162552'),
(102, 29045, 'ZBTB40', 'zinc finger and BTB domain containing 40', 'protein-coding gene', 'ENSG00000184677');

INSERT INTO `gene_transcript` (`id`, `gene_id`, `name`, `version`, `source`, `chromosome`, `start_coding`, `end_coding`, `strand`, `biotype`, `is_gencode_basic`, `is_ensembl_canonical`, `is_mane_select`, `is_mane_plus_clinical`) VALUES
(1, 46, 'ENST00000469289', '1', 'ensembl', '1', NULL, NULL, '+', 'lncRNA', 1, 0, 0, 0),
(2, 46, 'ENST00000473358', '1', 'ensembl', '1', NULL, NULL, '+', 'lncRNA', 1, 1, 0, 0),
(3, 60, 'ENST00000641515', '1', 'ensembl', '1', 65565, 70008, '+', 'protein coding', 1, 1, 1, 0),
(4, 21, 'ENST00000624431', '1', 'ensembl', '1', NULL, NULL, '+', 'unprocessed pseudogene', 1, 1, 0, 0),
(5, 86, 'ENST00000458203', '1', 'ensembl', '1', NULL, NULL, '-', 'processed pseudogene', 1, 1, 0, 0),
(6, 18, 'ENST00000432723', '1', 'ensembl', '1', NULL, NULL, '+', 'processed pseudogene', 1, 1, 0, 0),
(7, 55, 'ENST00000416931', '1', 'ensembl', '1', NULL, NULL, '+', 'unprocessed pseudogene', 1, 1, 0, 0),
(8, 54, 'ENST00000467115', '1', 'ensembl', '1', NULL, NULL, '+', 'unprocessed pseudogene', 1, 1, 0, 0),
(9, 17, 'ENST00000440782', '1', 'ensembl', '1', NULL, NULL, '+', 'processed pseudogene', 1, 1, 0, 0),
(10, 25, 'ENST00000432963', '1', 'ensembl', '1', NULL, NULL, '-', 'lncRNA', 1, 0, 0, 0),
(11, 25, 'ENST00000446136', '1', 'ensembl', '1', NULL, NULL, '-', 'lncRNA', 1, 1, 0, 0),
(12, 66, 'ENST00000379407', '1', 'ensembl', '1', 966532, 974575, '+', 'protein coding', 1, 0, 0, 0),
(13, 66, 'CCDS53256.1', '1', 'ccds', '1', 966532, 974575, '+', 'protein coding', 0, 0, 0, 0),
(14, 66, 'ENST00000379409', '1', 'ensembl', '1', 966532, 974575, '+', 'protein coding', 1, 0, 0, 0),
(15, 66, 'ENST00000379410', '1', 'ensembl', '1', 966532, 974575, '+', 'protein coding', 1, 1, 1, 0),
(16, 66, 'CCDS4.1', '1', 'ccds', '1', 966532, 974575, '+', 'protein coding', 0, 0, 0, 0),
(17, 44, 'ENST00000384997', '1', 'ensembl', '1', NULL, NULL, '+', 'miRNA', 1, 1, 0, 0),
(18, 98, 'ENST00000379288', '1', 'ensembl', '1', 1180054, 1185142, '+', 'protein coding', 1, 0, 0, 0),
(19, 98, 'CCDS8.1', '1', 'ccds', '1', 1180054, 1185142, '+', 'protein coding', 0, 0, 0, 0),
(20, 98, 'ENST00000379289', '1', 'ensembl', '1', 1179216, 1197847, '+', 'protein coding', 1, 1, 1, 0),
(21, 98, 'CCDS44036.1', '1', 'ccds', '1', 1179216, 1197847, '+', 'protein coding', 0, 0, 0, 0),
(22, 98, 'ENST00000379290', '1', 'ensembl', '1', 1179216, 1197847, '+', 'protein coding', 1, 0, 0, 0),
(23, 9, 'ENST00000330388', '1', 'ensembl', '1', 1242548, 1246690, '-', 'protein coding', 1, 1, 1, 0),
(24, 9, 'CCDS30554.1', '1', 'ccds', '1', 1242548, 1246690, '-', 'protein coding', 0, 0, 0, 0),
(25, 2, 'ENST00000353662', '1', 'ensembl', '1', 1293564, 1303260, '-', 'protein coding', 1, 0, 0, 0),
(26, 2, 'ENST00000354700', '1', 'ensembl', '1', 1293564, 1307815, '-', 'protein coding', 1, 1, 1, 0),
(27, 2, 'CCDS19.2', '1', 'ccds', '1', 1293564, 1307815, '-', 'protein coding', 0, 0, 0, 0),
(28, 56, 'ENST00000309212', '1', 'ensembl', '1', 1353604, 1358504, '-', 'protein coding', 1, 1, 1, 0),
(29, 56, 'CCDS24.1', '1', 'ccds', '1', 1353604, 1358504, '-', 'protein coding', 0, 0, 0, 0),
(30, 56, 'ENST00000342753', '1', 'ensembl', '1', 1353604, 1358504, '-', 'protein coding', 1, 0, 0, 0),
(31, 56, 'CCDS59950.1', '1', 'ccds', '1', 1353604, 1358504, '-', 'protein coding', 0, 0, 0, 0),
(32, 56, 'ENST00000445648', '1', 'ensembl', '1', 1353301, 1358504, '-', 'protein coding', 1, 0, 0, 0),
(33, 56, 'CCDS59951.1', '1', 'ccds', '1', 1353301, 1358504, '-', 'protein coding', 0, 0, 0, 0),
(34, 56, 'ENST00000477278', '1', 'ensembl', '1', 1353604, 1361263, '-', 'protein coding', 1, 0, 0, 0),
(35, 56, 'CCDS59952.1', '1', 'ccds', '1', 1353604, 1361263, '-', 'protein coding', 0, 0, 0, 0),
(36, 53, 'ENST00000344843', '1', 'ensembl', '1', 1402083, 1407217, '-', 'protein coding', 1, 1, 1, 0),
(37, 53, 'CCDS26.1', '1', 'ccds', '1', 1402083, 1407217, '-', 'protein coding', 0, 0, 0, 0),
(38, 53, 'ENST00000482352', '1', 'ensembl', '1', 1405617, 1407217, '-', 'protein coding', 1, 0, 0, 0),
(39, 92, 'ENST00000378821', '1', 'ensembl', '1', 1426128, 1427787, '+', 'protein coding', 1, 1, 1, 0),
(40, 92, 'CCDS57964.1', '1', 'ccds', '1', 1426128, 1427787, '+', 'protein coding', 0, 0, 0, 0),
(41, 52, 'ENST00000356026', '1', 'ensembl', '1', 1632219, 1634625, '+', 'protein coding', 1, 1, 1, 0),
(42, 52, 'CCDS30559.1', '1', 'ccds', '1', 1632219, 1634625, '+', 'protein coding', 0, 0, 0, 0),
(43, 52, 'ENST00000378675', '1', 'ensembl', '1', 1632219, 1634546, '+', 'protein coding', 1, 0, 0, 0),
(44, 51, 'ENST00000234610', '1', 'ensembl', '1', NULL, NULL, '+', 'unprocessed pseudogene', 1, 1, 0, 0),
(45, 57, 'ENST00000341426', '1', 'ensembl', '1', 1752904, 1765406, '-', 'protein coding', 1, 1, 1, 0),
(46, 57, 'CCDS30565.1', '1', 'ccds', '1', 1752904, 1765406, '-', 'protein coding', 0, 0, 0, 0),
(47, 57, 'ENST00000341991', '1', 'ensembl', '1', 1752904, 1765406, '-', 'protein coding', 1, 0, 0, 0),
(48, 57, 'ENST00000378625', '1', 'ensembl', '1', 1752904, 1765406, '-', 'protein coding', 1, 0, 0, 0),
(49, 57, 'CCDS55562.1', '1', 'ccds', '1', 1752904, 1765406, '-', 'protein coding', 0, 0, 0, 0),
(50, 16, 'ENST00000493964', '1', 'ensembl', '1', 1922287, 1990956, '-', 'protein coding', 1, 0, 0, 0),
(51, 16, 'ENST00000682832', '1', 'ensembl', '1', 1922287, 1990956, '-', 'protein coding', 1, 1, 1, 0),
(52, 75, 'ENST00000378512', '1', 'ensembl', '1', 2395791, 2402295, '+', 'protein coding', 1, 0, 0, 0),
(53, 75, 'ENST00000378513', '1', 'ensembl', '1', 2395791, 2402295, '+', 'protein coding', 1, 0, 0, 0),
(54, 75, 'ENST00000378518', '1', 'ensembl', '1', 2395791, 2402295, '+', 'protein coding', 1, 0, 0, 0),
(55, 75, 'ENST00000488353', '1', 'ensembl', '1', 2395791, 2403124, '+', 'protein coding', 1, 0, 0, 0),
(56, 75, 'CCDS41232.1', '1', 'ccds', '1', 2395791, 2403124, '+', 'protein coding', 0, 0, 0, 0),
(57, 75, 'ENST00000605895', '1', 'ensembl', '1', 2395791, 2403124, '+', 'protein coding', 1, 1, 1, 0),
(58, 62, 'ENST00000378466', '1', 'ensembl', '1', 2508847, 2526587, '-', 'protein coding', 1, 1, 1, 0),
(59, 62, 'ENST00000435556', '1', 'ensembl', '1', 2508847, 2526587, '-', 'protein coding', 1, 0, 0, 0),
(60, 97, 'ENST00000401095', '1', 'ensembl', '1', 2641368, 2800827, '-', 'protein coding', 1, 1, 1, 0),
(61, 97, 'ENST00000637179', '1', 'ensembl', '1', 2641368, 2789591, '-', 'protein coding', 1, 0, 0, 0),
(62, 97, 'CCDS55565.1', '1', 'ccds', '1', 2641368, 2789591, '-', 'protein coding', 0, 0, 0, 0),
(63, 48, 'ENST00000635819', '1', 'ensembl', '1', NULL, NULL, '+', 'miRNA', 1, 1, 0, 0),
(64, 96, 'ENST00000416554', '1', 'ensembl', '1', NULL, NULL, '-', 'lncRNA', 1, 1, 0, 0),
(65, 39, 'ENST00000378251', '1', 'ensembl', '1', 3781088, 3796476, '-', 'protein coding', 1, 1, 1, 0),
(66, 39, 'CCDS51.1', '1', 'ccds', '1', 3781088, 3796476, '-', 'protein coding', 0, 0, 0, 0),
(67, 7, 'ENST00000361605', '1', 'ensembl', '1', 3889960, 3900186, '-', 'protein coding', 1, 1, 1, 0),
(68, 7, 'CCDS53.1', '1', 'ccds', '1', 3889960, 3900186, '-', 'protein coding', 0, 0, 0, 0),
(69, 7, 'ENST00000680169', '1', 'ensembl', '1', 3889960, 3890652, '-', 'protein coding', 1, 0, 0, 0),
(70, 7, 'ENST00000680535', '1', 'ensembl', '1', 3890461, 3900186, '-', 'protein coding', 1, 0, 0, 0),
(71, 31, 'ENST00000420522', '1', 'ensembl', '1', NULL, NULL, '+', 'lncRNA', 1, 0, 0, 0),
(72, 31, 'ENST00000634256', '1', 'ensembl', '1', NULL, NULL, '+', 'lncRNA', 0, 1, 0, 0),
(73, 31, 'ENST00000659083', '1', 'ensembl', '1', NULL, NULL, '+', 'lncRNA', 1, 0, 0, 0),
(74, 31, 'ENST00000661628', '1', 'ensembl', '1', NULL, NULL, '+', 'lncRNA', 1, 0, 0, 0),
(75, 31, 'ENST00000667354', '1', 'ensembl', '1', NULL, NULL, '+', 'lncRNA', 1, 0, 0, 0),
(76, 36, 'ENST00000443270', '1', 'ensembl', '1', NULL, NULL, '-', 'lncRNA', 1, 1, 0, 0),
(77, 29, 'ENST00000164247', '1', 'ensembl', '1', 6040569, 6098574, '+', 'protein coding', 1, 0, 0, 0),
(78, 29, 'CCDS55.1', '1', 'ccds', '1', 6040569, 6098574, '+', 'protein coding', 0, 0, 0, 0),
(79, 29, 'ENST00000341524', '1', 'ensembl', '1', 6040569, 6098574, '+', 'protein coding', 1, 0, 0, 0),
(80, 29, 'ENST00000352527', '1', 'ensembl', '1', 6040569, 6098574, '+', 'protein coding', 1, 0, 0, 0),
(81, 29, 'CCDS56.1', '1', 'ccds', '1', 6040569, 6098574, '+', 'protein coding', 0, 0, 0, 0),
(82, 29, 'ENST00000378083', '1', 'ensembl', '1', 6051537, 6098574, '+', 'protein coding', 1, 1, 1, 0),
(83, 29, 'CCDS55570.1', '1', 'ccds', '1', 6051537, 6098574, '+', 'protein coding', 0, 0, 0, 0),
(84, 29, 'ENST00000378092', '1', 'ensembl', '1', 6040569, 6098574, '+', 'protein coding', 1, 0, 0, 0),
(85, 29, 'ENST00000378097', '1', 'ensembl', '1', 6040569, 6098574, '+', 'protein coding', 1, 0, 0, 0),
(86, 29, 'ENST00000428161', '1', 'ensembl', '1', 6040569, 6098574, '+', 'protein coding', 1, 0, 0, 0),
(87, 29, 'ENST00000458166', '1', 'ensembl', '1', 6082195, 6098574, '+', 'protein coding', 1, 0, 0, 0),
(88, 29, 'CCDS55571.1', '1', 'ccds', '1', 6082195, 6098574, '+', 'protein coding', 0, 0, 0, 0),
(89, 29, 'ENST00000462676', '1', 'ensembl', '1', 6040569, 6086049, '+', 'protein coding', 1, 0, 0, 0),
(90, 29, 'ENST00000472700', '1', 'ensembl', '1', 6040569, 6086314, '+', 'protein coding', 1, 0, 0, 0),
(91, 29, 'ENST00000602612', '1', 'ensembl', '1', 6040569, 6097531, '+', 'protein coding', 1, 0, 0, 0),
(92, 29, 'ENST00000652845', '1', 'ensembl', '1', 6040569, 6082410, '+', 'protein coding', 1, 0, 0, 0),
(93, 29, 'ENST00000653262', '1', 'ensembl', '1', 6040569, 6097531, '+', 'protein coding', 1, 0, 0, 0),
(94, 29, 'ENST00000656198', '1', 'ensembl', '1', 6040569, 6086314, '+', 'protein coding', 1, 0, 0, 0),
(95, 29, 'ENST00000662363', '1', 'ensembl', '1', 6066065, 6098574, '+', 'protein coding', 1, 0, 0, 0),
(96, 29, 'ENST00000663169', '1', 'ensembl', '1', 6040569, 6086314, '+', 'protein coding', 1, 0, 0, 0),
(97, 29, 'ENST00000666163', '1', 'ensembl', '1', 6040569, 6098574, '+', 'protein coding', 1, 0, 0, 0),
(98, 29, 'ENST00000666299', '1', 'ensembl', '1', 6040569, 6085252, '+', 'protein coding', 1, 0, 0, 0),
(99, 29, 'ENST00000668559', '1', 'ensembl', '1', 6040569, 6097531, '+', 'protein coding', 1, 0, 0, 0),
(100, 29, 'ENST00000669250', '1', 'ensembl', '1', 6040569, 6098574, '+', 'protein coding', 1, 0, 0, 0),
(101, 29, 'ENST00000671676', '1', 'ensembl', '1', 6040569, 6098574, '+', 'protein coding', 1, 0, 0, 0),
(102, 78, 'ENST00000377939', '1', 'ensembl', '1', 6206536, 6219407, '+', 'protein coding', 1, 1, 1, 0),
(103, 78, 'CCDS59.2', '1', 'ccds', '1', 6206536, 6219407, '+', 'protein coding', 0, 0, 0, 0),
(104, 3, 'ENST00000361521', '1', 'ensembl', '1', 6264597, 6393399, '-', 'protein coding', 1, 1, 1, 0),
(105, 3, 'CCDS30573.1', '1', 'ccds', '1', 6264597, 6393399, '-', 'protein coding', 0, 0, 0, 0),
(106, 3, 'ENST00000377842', '1', 'ensembl', '1', 6264597, 6358845, '-', 'protein coding', 1, 0, 0, 0),
(107, 3, 'CCDS67.1', '1', 'ccds', '1', 6264597, 6358845, '-', 'protein coding', 0, 0, 0, 0),
(108, 3, 'ENST00000377845', '1', 'ensembl', '1', 6264597, 6360652, '-', 'protein coding', 1, 0, 0, 0),
(109, 3, 'CCDS66.1', '1', 'ccds', '1', 6264597, 6360652, '-', 'protein coding', 0, 0, 0, 0),
(110, 3, 'ENST00000377855', '1', 'ensembl', '1', 6264597, 6385666, '-', 'protein coding', 1, 0, 0, 0),
(111, 3, 'CCDS65.1', '1', 'ccds', '1', 6264597, 6385666, '-', 'protein coding', 0, 0, 0, 0),
(112, 3, 'ENST00000545482', '1', 'ensembl', '1', 6264597, 6393399, '-', 'protein coding', 1, 0, 0, 0),
(113, 3, 'ENST00000608083', '1', 'ensembl', '1', 6264597, 6393303, '-', 'protein coding', 1, 0, 0, 0),
(114, 91, 'ENST00000054650', '1', 'ensembl', '1', 6625219, 6633077, '+', 'protein coding', 1, 1, 1, 0),
(115, 91, 'CCDS55572.1', '1', 'ccds', '1', 6625219, 6633077, '+', 'protein coding', 0, 0, 0, 0),
(116, 91, 'ENST00000307896', '1', 'ensembl', '1', 6625219, 6633077, '+', 'protein coding', 1, 0, 0, 0),
(117, 91, 'CCDS55573.1', '1', 'ccds', '1', 6625219, 6633077, '+', 'protein coding', 0, 0, 0, 0),
(118, 91, 'ENST00000377627', '1', 'ensembl', '1', 6625219, 6634088, '+', 'protein coding', 1, 0, 0, 0),
(119, 91, 'CCDS86.1', '1', 'ccds', '1', 6625219, 6634088, '+', 'protein coding', 0, 0, 0, 0),
(120, 11, 'ENST00000303635', '1', 'ensembl', '1', 6785531, 7766491, '+', 'protein coding', 1, 1, 1, 0),
(121, 11, 'CCDS30576.1', '1', 'ccds', '1', 6785531, 7766491, '+', 'protein coding', 0, 0, 0, 0),
(122, 11, 'ENST00000467404', '1', 'ensembl', '1', 6785531, 6871765, '+', 'protein coding', 1, 0, 0, 0),
(123, 11, 'CCDS85922.1', '1', 'ccds', '1', 6785531, 6871765, '+', 'protein coding', 0, 0, 0, 0),
(124, 11, 'ENST00000473578', '1', 'ensembl', '1', 6785531, 6871765, '+', 'protein coding', 1, 0, 0, 0),
(125, 11, 'CCDS55574.1', '1', 'ccds', '1', 6785531, 6871765, '+', 'protein coding', 0, 0, 0, 0),
(126, 11, 'ENST00000476864', '1', 'ensembl', '1', 7744961, 7766522, '+', 'protein coding', 1, 0, 0, 0),
(127, 11, 'ENST00000557126', '1', 'ensembl', '1', 6785531, 6887725, '+', 'protein coding', 1, 0, 0, 0),
(128, 11, 'CCDS55575.1', '1', 'ccds', '1', 6785531, 6887725, '+', 'protein coding', 0, 0, 0, 0),
(129, 12, 'ENST00000411708', '1', 'ensembl', '1', NULL, NULL, '-', 'lncRNA', 1, 0, 0, 0),
(130, 12, 'ENST00000618051', '1', 'ensembl', '1', NULL, NULL, '-', 'lncRNA', 1, 1, 0, 0),
(131, 100, 'ENST00000054666', '1', 'ensembl', '1', 7771384, 7779645, '+', 'protein coding', 1, 1, 1, 0),
(132, 100, 'CCDS88.1', '1', 'ccds', '1', 7771384, 7779645, '+', 'protein coding', 0, 0, 0, 0),
(133, 100, 'ENST00000470357', '1', 'ensembl', '1', 7777172, 7779645, '+', 'protein coding', 1, 0, 0, 0),
(134, 95, 'ENST00000377507', '1', 'ensembl', '1', 7920835, 7939994, '-', 'protein coding', 1, 1, 1, 0),
(135, 95, 'CCDS92.1', '1', 'ccds', '1', 7920835, 7939994, '-', 'protein coding', 0, 0, 0, 0),
(136, 95, 'ENST00000615230', '1', 'ensembl', '1', 7920835, 7939994, '-', 'protein coding', 1, 0, 0, 0),
(137, 32, 'ENST00000452982', '1', 'ensembl', '1', NULL, NULL, '+', 'lncRNA', 1, 0, 0, 0),
(138, 32, 'ENST00000670361', '1', 'ensembl', '1', NULL, NULL, '+', 'lncRNA', 1, 1, 0, 0),
(139, 84, 'ENST00000437586', '1', 'ensembl', '1', NULL, NULL, '+', 'processed pseudogene', 1, 1, 0, 0),
(140, 85, 'ENST00000436229', '1', 'ensembl', '1', NULL, NULL, '+', 'processed pseudogene', 1, 1, 0, 0),
(141, 28, 'ENST00000425872', '1', 'ensembl', '1', NULL, NULL, '+', 'processed pseudogene', 1, 1, 0, 0),
(142, 88, 'ENST00000400906', '1', 'ensembl', '1', 9003300, 9026345, '-', 'protein coding', 1, 1, 1, 0),
(143, 88, 'CCDS98.2', '1', 'ccds', '1', 9003300, 9026345, '-', 'protein coding', 0, 0, 0, 0),
(144, 43, 'ENST00000385130', '1', 'ensembl', '1', NULL, NULL, '-', 'miRNA', 1, 1, 0, 0),
(145, 34, 'ENST00000641325', '1', 'ensembl', '1', NULL, NULL, '-', 'lncRNA', 1, 0, 0, 0),
(146, 34, 'ENST00000641507', '1', 'ensembl', '1', NULL, NULL, '-', 'lncRNA', 1, 0, 0, 0),
(147, 34, 'ENST00000641940', '1', 'ensembl', '1', NULL, NULL, '-', 'lncRNA', 1, 1, 0, 0),
(148, 93, 'ENST00000340305', '1', 'ensembl', '1', 9588931, 9602291, '+', 'protein coding', 1, 0, 0, 0),
(149, 93, 'CCDS30579.1', '1', 'ccds', '1', 9588931, 9602291, '+', 'protein coding', 0, 0, 0, 0),
(150, 93, 'ENST00000340381', '1', 'ensembl', '1', 9588931, 9613083, '+', 'protein coding', 1, 1, 1, 0),
(151, 93, 'CCDS44055.2', '1', 'ccds', '1', 9588931, 9613083, '+', 'protein coding', 0, 0, 0, 0),
(152, 20, 'ENST00000361311', '1', 'ensembl', '1', 9730508, 9823733, '-', 'protein coding', 1, 0, 0, 0),
(153, 20, 'CCDS105.1', '1', 'ccds', '1', 9730508, 9823733, '-', 'protein coding', 0, 0, 0, 0),
(154, 20, 'ENST00000377298', '1', 'ensembl', '1', 9730508, 9823733, '-', 'protein coding', 1, 1, 1, 0),
(155, 20, 'CCDS30580.1', '1', 'ccds', '1', 9730508, 9823733, '-', 'protein coding', 0, 0, 0, 0),
(156, 94, 'ENST00000636827', '1', 'ensembl', '1', NULL, NULL, '-', 'unitary pseudogene', 1, 1, 0, 0),
(157, 80, 'ENST00000362692', '1', 'ensembl', '1', NULL, NULL, '+', 'snRNA', 1, 1, 0, 0),
(158, 4, 'ENST00000376819', '1', 'ensembl', '1', 11189580, 11195023, '+', 'protein coding', 1, 1, 1, 0),
(159, 4, 'CCDS128.1', '1', 'ccds', '1', 11189580, 11195023, '+', 'protein coding', 0, 0, 0, 0),
(160, 22, 'ENST00000294485', '1', 'ensembl', '1', 11706259, 11719696, '+', 'protein coding', 1, 1, 1, 0),
(161, 22, 'CCDS135.1', '1', 'ccds', '1', 11706259, 11719696, '+', 'protein coding', 0, 0, 0, 0),
(162, 19, 'ENST00000312413', '1', 'ensembl', '1', 11806263, 11840223, '+', 'protein coding', 1, 0, 0, 0),
(163, 19, 'CCDS57972.1', '1', 'ccds', '1', 11806263, 11840223, '+', 'protein coding', 0, 0, 0, 0),
(164, 19, 'ENST00000346436', '1', 'ensembl', '1', 11806263, 11840223, '+', 'protein coding', 1, 1, 1, 0),
(165, 19, 'CCDS138.1', '1', 'ccds', '1', 11806263, 11840223, '+', 'protein coding', 0, 0, 0, 0),
(166, 19, 'ENST00000376496', '1', 'ensembl', '1', 11806263, 11838993, '+', 'protein coding', 1, 0, 0, 0),
(167, 59, 'ENST00000376468', '1', 'ensembl', '1', 11857655, 11858833, '-', 'protein coding', 1, 1, 1, 0),
(168, 59, 'CCDS140.1', '1', 'ccds', '1', 11857655, 11858833, '-', 'protein coding', 0, 0, 0, 0),
(169, 30, 'ENST00000376572', '1', 'ensembl', '1', 11920315, 11926237, '-', 'protein coding', 1, 1, 1, 0),
(170, 30, 'CCDS141.1', '1', 'ccds', '1', 11920315, 11926237, '-', 'protein coding', 0, 0, 0, 0),
(171, 30, 'ENST00000376576', '1', 'ensembl', '1', 11922519, 11926237, '-', 'protein coding', 1, 0, 0, 0),
(172, 30, 'ENST00000616327', '1', 'ensembl', '1', 11920315, 11926237, '-', 'protein coding', 1, 0, 0, 0),
(173, 42, 'ENST00000235332', '1', 'ensembl', '1', 12021727, 12031808, '+', 'protein coding', 1, 1, 1, 0),
(174, 42, 'CCDS143.1', '1', 'ccds', '1', 12021727, 12031808, '+', 'protein coding', 0, 0, 0, 0),
(175, 82, 'ENST00000364265', '1', 'ensembl', '1', NULL, NULL, '-', 'snRNA', 1, 1, 0, 0),
(176, 50, 'ENST00000584158', '1', 'ensembl', '1', NULL, NULL, '+', 'miRNA', 1, 1, 0, 0),
(177, 35, 'ENST00000688646', '1', 'ensembl', '1', NULL, NULL, '+', 'lncRNA', 1, 1, 0, 0),
(178, 1, 'ENST00000376221', '1', 'ensembl', '1', 12644547, 12666735, '+', 'protein coding', 1, 1, 1, 0),
(179, 1, 'CCDS30590.1', '1', 'ccds', '1', 12644547, 12666735, '+', 'protein coding', 0, 0, 0, 0),
(180, 67, 'ENST00000332296', '1', 'ensembl', '1', 12793228, 12795996, '+', 'protein coding', 1, 1, 1, 0),
(181, 67, 'CCDS148.1', '1', 'ccds', '1', 12793228, 12795996, '+', 'protein coding', 0, 0, 0, 0),
(182, 68, 'ENST00000240189', '1', 'ensembl', '1', 12859010, 12861779, '+', 'protein coding', 1, 1, 1, 0),
(183, 68, 'CCDS149.1', '1', 'ccds', '1', 12859010, 12861779, '+', 'protein coding', 0, 0, 0, 0),
(184, 73, 'ENST00000418187', '1', 'ensembl', '1', NULL, NULL, '+', 'unprocessed pseudogene', 1, 1, 0, 0),
(185, 72, 'ENST00000614839', '1', 'ensembl', '1', 13073694, 13077552, '+', 'protein coding', 1, 0, 0, 0),
(186, 72, 'CCDS81265.1', '1', 'ccds', '1', 13073694, 13077552, '+', 'protein coding', 0, 0, 0, 0),
(187, 72, 'ENST00000619661', '1', 'ensembl', '1', 13073694, 13077552, '+', 'protein coding', 1, 1, 1, 0),
(188, 70, 'ENST00000624297', '1', 'ensembl', '1', 13223332, 13226106, '-', 'protein coding', 1, 1, 1, 0),
(189, 70, 'CCDS41258.2', '1', 'ccds', '1', 13223332, 13226106, '-', 'protein coding', 0, 0, 0, 0),
(190, 69, 'ENST00000357367', '1', 'ensembl', '1', 13281371, 13284091, '-', 'protein coding', 1, 1, 1, 0),
(191, 69, 'CCDS72709.1', '1', 'ccds', '1', 13281371, 13284091, '-', 'protein coding', 0, 0, 0, 0),
(192, 69, 'ENST00000614831', '1', 'ensembl', '1', 13281371, 13284091, '-', 'protein coding', 1, 0, 0, 0),
(193, 69, 'ENST00000621519', '1', 'ensembl', '1', 13281371, 13284091, '-', 'protein coding', 1, 0, 0, 0),
(194, 71, 'ENST00000376101', '1', 'ensembl', '1', 13369067, 13371900, '-', 'protein coding', 1, 1, 1, 0),
(195, 6, 'ENST00000401091', '1', 'ensembl', '1', NULL, NULL, '+', 'processed pseudogene', 1, 1, 0, 0),
(196, 74, 'ENST00000235372', '1', 'ensembl', '1', 13715606, 13816547, '+', 'protein coding', 1, 0, 0, 0),
(197, 74, 'CCDS150.1', '1', 'ccds', '1', 13715606, 13816547, '+', 'protein coding', 0, 0, 0, 0),
(198, 74, 'ENST00000311066', '1', 'ensembl', '1', 13715606, 13816547, '+', 'protein coding', 1, 1, 1, 0),
(199, 74, 'ENST00000343137', '1', 'ensembl', '1', 13773170, 13786527, '+', 'protein coding', 1, 0, 0, 0),
(200, 74, 'CCDS30603.1', '1', 'ccds', '1', 13773170, 13786527, '+', 'protein coding', 0, 0, 0, 0),
(201, 74, 'ENST00000376048', '1', 'ensembl', '1', 13715606, 13823184, '+', 'protein coding', 1, 0, 0, 0),
(202, 74, 'CCDS44061.1', '1', 'ccds', '1', 13715606, 13823184, '+', 'protein coding', 0, 0, 0, 0),
(203, 74, 'ENST00000413440', '1', 'ensembl', '1', 13773170, 13786527, '+', 'protein coding', 1, 0, 0, 0),
(204, 74, 'ENST00000503842', '1', 'ensembl', '1', 13773170, 13823184, '+', 'protein coding', 1, 0, 0, 0),
(205, 74, 'ENST00000505823', '1', 'ensembl', '1', 13773170, 13823184, '+', 'protein coding', 1, 0, 0, 0),
(206, 90, 'ENST00000416175', '1', 'ensembl', '1', NULL, NULL, '-', 'processed pseudogene', 1, 1, 0, 0),
(207, 40, 'ENST00000400795', '1', 'ensembl', '1', NULL, NULL, '-', 'processed pseudogene', 1, 1, 0, 0),
(208, 13, 'ENST00000333868', '1', 'ensembl', '1', 15492943, 15524200, '-', 'protein coding', 1, 1, 1, 0),
(209, 13, 'CCDS158.1', '1', 'ccds', '1', 15492943, 15524200, '-', 'protein coding', 0, 0, 0, 0),
(210, 13, 'ENST00000348549', '1', 'ensembl', '1', 15492943, 15524200, '-', 'protein coding', 1, 0, 0, 0),
(211, 13, 'CCDS59995.1', '1', 'ccds', '1', 15492943, 15524200, '-', 'protein coding', 0, 0, 0, 0),
(212, 13, 'ENST00000375890', '1', 'ensembl', '1', 15492943, 15518278, '-', 'protein coding', 1, 0, 0, 0),
(213, 13, 'CCDS159.2', '1', 'ccds', '1', 15492943, 15518278, '-', 'protein coding', 0, 0, 0, 0),
(214, 13, 'ENST00000546424', '1', 'ensembl', '1', 15493784, 15524200, '-', 'protein coding', 1, 0, 0, 0),
(215, 87, 'ENST00000345034', '1', 'ensembl', '1', 15659869, 15661722, '+', 'protein coding', 1, 1, 1, 0),
(216, 87, 'CCDS161.1', '1', 'ccds', '1', 15659869, 15661722, '+', 'protein coding', 0, 0, 0, 0),
(217, 89, 'ENST00000418525', '1', 'ensembl', '1', NULL, NULL, '-', 'lncRNA', 1, 1, 0, 0),
(218, 26, 'ENST00000375662', '1', 'ensembl', '1', 16058437, 16073442, '-', 'protein coding', 1, 1, 1, 0),
(219, 26, 'CCDS41270.1', '1', 'ccds', '1', 16058437, 16073442, '-', 'protein coding', 0, 0, 0, 0),
(220, 5, 'ENST00000270747', '1', 'ensembl', '1', 16198587, 16209054, '-', 'protein coding', 1, 1, 1, 0),
(221, 5, 'CCDS170.1', '1', 'ccds', '1', 16198587, 16209054, '-', 'protein coding', 0, 0, 0, 0),
(222, 27, 'ENST00000375592', '1', 'ensembl', '1', 16250670, 16315418, '-', 'protein coding', 1, 1, 1, 0),
(223, 27, 'CCDS30613.1', '1', 'ccds', '1', 16250670, 16315418, '-', 'protein coding', 0, 0, 0, 0),
(224, 33, 'ENST00000457898', '1', 'ensembl', '1', NULL, NULL, '+', 'lncRNA', 1, 1, 0, 0),
(225, 79, 'ENST00000384782', '1', 'ensembl', '1', NULL, NULL, '-', 'snRNA', 1, 1, 0, 0),
(226, 37, 'ENST00000412427', '1', 'ensembl', '1', NULL, NULL, '+', 'lncRNA', 1, 1, 0, 0),
(227, 37, 'ENST00000634972', '1', 'ensembl', '1', NULL, NULL, '+', 'lncRNA', 1, 0, 0, 0),
(228, 61, 'ENST00000375448', '1', 'ensembl', '1', 17308223, 17363755, '+', 'protein coding', 1, 1, 1, 0),
(229, 61, 'CCDS180.1', '1', 'ccds', '1', 17308223, 17363755, '+', 'protein coding', 0, 0, 0, 0),
(230, 61, 'ENST00000375453', '1', 'ensembl', '1', 17308223, 17334367, '+', 'protein coding', 1, 0, 0, 0),
(231, 38, 'ENST00000430540', '1', 'ensembl', '1', NULL, NULL, '+', 'lncRNA', 0, 1, 0, 0),
(232, 38, 'ENST00000653706', '1', 'ensembl', '1', NULL, NULL, '+', 'lncRNA', 1, 0, 0, 0),
(233, 38, 'ENST00000670395', '1', 'ensembl', '1', NULL, NULL, '+', 'lncRNA', 1, 0, 0, 0),
(234, 45, 'ENST00000408735', '1', 'ensembl', '1', NULL, NULL, '-', 'miRNA', 1, 1, 0, 0),
(235, 24, 'ENST00000375199', '1', 'ensembl', '1', 19219303, 19251509, '-', 'protein coding', 1, 0, 0, 0),
(236, 24, 'CCDS59191.1', '1', 'ccds', '1', 19219303, 19251509, '-', 'protein coding', 0, 0, 0, 0),
(237, 24, 'ENST00000375208', '1', 'ensembl', '1', 19219303, 19251509, '-', 'protein coding', 1, 0, 0, 0),
(238, 24, 'CCDS59190.1', '1', 'ccds', '1', 19219303, 19251509, '-', 'protein coding', 0, 0, 0, 0),
(239, 24, 'ENST00000477853', '1', 'ensembl', '1', 19219303, 19251509, '-', 'protein coding', 1, 1, 1, 0),
(240, 24, 'CCDS190.1', '1', 'ccds', '1', 19219303, 19251509, '-', 'protein coding', 0, 0, 0, 0),
(241, 24, 'ENST00000486405', '1', 'ensembl', '1', 19219303, 19251509, '-', 'protein coding', 1, 0, 0, 0),
(242, 24, 'ENST00000688219', '1', 'ensembl', '1', 19219303, 19251509, '-', 'protein coding', 1, 0, 0, 0),
(243, 24, 'ENST00000690732', '1', 'ensembl', '1', 19219303, 19251509, '-', 'protein coding', 1, 0, 0, 0),
(244, 24, 'ENST00000690823', '1', 'ensembl', '1', 19219303, 19251509, '-', 'protein coding', 1, 0, 0, 0),
(245, 76, 'ENST00000481521', '1', 'ensembl', '1', NULL, NULL, '+', 'misc RNA', 1, 1, 0, 0),
(246, 41, 'ENST00000602384', '1', 'ensembl', '1', 19597067, 19626401, '+', 'nonsense mediated decay', 1, 1, 0, 0),
(247, 65, 'ENST00000375108', '1', 'ensembl', '1', 20084831, 20090692, '+', 'protein coding', 1, 1, 1, 0),
(248, 65, 'CCDS202.1', '1', 'ccds', '1', 20084831, 20090692, '+', 'protein coding', 0, 0, 0, 0),
(249, 10, 'ENST00000375078', '1', 'ensembl', '1', 20483649, 20485379, '-', 'protein coding', 1, 1, 1, 0),
(250, 10, 'CCDS207.1', '1', 'ccds', '1', 20483649, 20485379, '-', 'protein coding', 0, 0, 0, 0),
(251, 64, 'ENST00000321556', '1', 'ensembl', '1', 20633549, 20650691, '+', 'protein coding', 1, 1, 1, 0),
(252, 64, 'CCDS211.1', '1', 'ccds', '1', 20633549, 20650691, '+', 'protein coding', 0, 0, 0, 0),
(253, 83, 'ENST00000516105', '1', 'ensembl', '1', NULL, NULL, '+', 'snRNA', 1, 1, 0, 0),
(254, 63, 'ENST00000443127', '1', 'ensembl', '1', NULL, NULL, '-', 'unprocessed pseudogene', 1, 1, 0, 0),
(255, 58, 'ENST00000318249', '1', 'ensembl', '1', 21445087, 21483386, '+', 'protein coding', 1, 1, 1, 0),
(256, 58, 'CCDS216.1', '1', 'ccds', '1', 21445087, 21483386, '+', 'protein coding', 0, 0, 0, 0),
(257, 58, 'ENST00000342104', '1', 'ensembl', '1', 21445087, 21483386, '+', 'protein coding', 1, 0, 0, 0),
(258, 58, 'CCDS57976.1', '1', 'ccds', '1', 21445087, 21483386, '+', 'protein coding', 0, 0, 0, 0),
(259, 58, 'ENST00000454000', '1', 'ensembl', '1', 21445087, 21483386, '+', 'protein coding', 1, 0, 0, 0),
(260, 58, 'CCDS57977.1', '1', 'ccds', '1', 21445087, 21483386, '+', 'protein coding', 0, 0, 0, 0),
(261, 58, 'ENST00000619554', '1', 'ensembl', '1', 21468723, 21483386, '+', 'protein coding', 1, 0, 0, 0),
(262, 58, 'CCDS81275.1', '1', 'ccds', '1', 21468723, 21483386, '+', 'protein coding', 0, 0, 0, 0),
(263, 99, 'ENST00000308271', '1', 'ensembl', '1', 21679417, 21782957, '-', 'protein coding', 1, 1, 1, 0),
(264, 99, 'CCDS30623.1', '1', 'ccds', '1', 21679417, 21782957, '-', 'protein coding', 0, 0, 0, 0),
(265, 99, 'ENST00000374732', '1', 'ensembl', '1', 21679417, 21724162, '-', 'protein coding', 1, 0, 0, 0),
(266, 99, 'ENST00000400301', '1', 'ensembl', '1', 21679417, 21782957, '-', 'protein coding', 1, 0, 0, 0),
(267, 99, 'CCDS81277.1', '1', 'ccds', '1', 21679417, 21782957, '-', 'protein coding', 0, 0, 0, 0),
(268, 99, 'ENST00000421625', '1', 'ensembl', '1', 21728562, 21782957, '-', 'protein coding', 1, 0, 0, 0),
(269, 99, 'CCDS44084.1', '1', 'ccds', '1', 21728562, 21782957, '-', 'protein coding', 0, 0, 0, 0),
(270, 99, 'ENST00000529637', '1', 'ensembl', '1', 21679417, 21782957, '-', 'protein coding', 1, 0, 0, 0),
(271, 15, 'ENST00000290122', '1', 'ensembl', '1', 22001675, 22012467, '+', 'protein coding', 1, 1, 1, 0),
(272, 15, 'CCDS220.1', '1', 'ccds', '1', 22001675, 22012467, '+', 'protein coding', 0, 0, 0, 0),
(273, 14, 'ENST00000315554', '1', 'ensembl', '1', 22078479, 22090032, '+', 'protein coding', 1, 0, 0, 0),
(274, 14, 'CCDS222.1', '1', 'ccds', '1', 22078479, 22090032, '+', 'protein coding', 0, 0, 0, 0),
(275, 14, 'ENST00000344548', '1', 'ensembl', '1', 22078479, 22091517, '+', 'protein coding', 1, 0, 0, 0),
(276, 14, 'CCDS221.1', '1', 'ccds', '1', 22078479, 22091517, '+', 'protein coding', 0, 0, 0, 0),
(277, 14, 'ENST00000400259', '1', 'ensembl', '1', 22078479, 22091517, '+', 'protein coding', 1, 0, 0, 0),
(278, 14, 'ENST00000648594', '1', 'ensembl', '1', 22078479, 22091517, '+', 'protein coding', 1, 0, 0, 0),
(279, 14, 'ENST00000656825', '1', 'ensembl', '1', 22078479, 22091517, '+', 'protein coding', 1, 1, 1, 0),
(280, 14, 'ENST00000662562', '1', 'ensembl', '1', 22078479, 22091517, '+', 'protein coding', 1, 0, 0, 0),
(281, 14, 'ENST00000667384', '1', 'ensembl', '1', 22078479, 22086881, '+', 'protein coding', 1, 0, 0, 0),
(282, 101, 'ENST00000290167', '1', 'ensembl', '1', 22120050, 22142922, '-', 'protein coding', 1, 1, 1, 0),
(283, 101, 'CCDS223.1', '1', 'ccds', '1', 22120050, 22142922, '-', 'protein coding', 0, 0, 0, 0),
(284, 102, 'ENST00000374651', '1', 'ensembl', '1', 22489949, 22526396, '+', 'protein coding', 1, 0, 0, 0),
(285, 102, 'CCDS81278.1', '1', 'ccds', '1', 22489949, 22526396, '+', 'protein coding', 0, 0, 0, 0),
(286, 102, 'ENST00000375647', '1', 'ensembl', '1', 22489949, 22526396, '+', 'protein coding', 1, 1, 1, 0),
(287, 102, 'CCDS224.1', '1', 'ccds', '1', 22489949, 22526396, '+', 'protein coding', 0, 0, 0, 0),
(288, 102, 'ENST00000404138', '1', 'ensembl', '1', 22489949, 22526396, '+', 'protein coding', 1, 0, 0, 0),
(289, 8, 'ENST00000374637', '1', 'ensembl', '1', 22644024, 22647783, '+', 'protein coding', 1, 0, 0, 0),
(290, 8, 'CCDS227.1', '1', 'ccds', '1', 22644024, 22647783, '+', 'protein coding', 0, 0, 0, 0),
(291, 8, 'ENST00000374639', '1', 'ensembl', '1', 22644024, 22647783, '+', 'protein coding', 1, 0, 0, 0),
(292, 8, 'ENST00000374640', '1', 'ensembl', '1', 22644024, 22647783, '+', 'protein coding', 1, 1, 1, 0),
(293, 49, 'ENST00000581187', '1', 'ensembl', '1', NULL, NULL, '-', 'miRNA', 1, 1, 0, 0),
(294, 47, 'ENST00000577915', '1', 'ensembl', '1', NULL, NULL, '+', 'miRNA', 1, 1, 0, 0),
(295, 81, 'ENST00000516769', '1', 'ensembl', '1', NULL, NULL, '+', 'snRNA', 1, 1, 0, 0);



INSERT INTO `gene_exon` (`transcript_id`, `start`, `end`) VALUES
(1, 30267, 30667),
(1, 30976, 31109),
(2, 29554, 30039),
(2, 30564, 30667),
(2, 30976, 31097),
(3, 65419, 65433),
(3, 65520, 65573),
(3, 69037, 71585),
(4, 182696, 182746),
(4, 183132, 183216),
(4, 183494, 183571),
(4, 183740, 183901),
(4, 183981, 184174),
(5, 347982, 348366),
(6, 487101, 489387),
(6, 489717, 489906),
(7, 629062, 629433),
(8, 633535, 633741),
(9, 722092, 724360),
(9, 724718, 724903),
(10, 868240, 868530),
(10, 868627, 868675),
(10, 869528, 869575),
(10, 870086, 870201),
(11, 868071, 868675),
(11, 874112, 875155),
(11, 876746, 876903),
(12, 966502, 966614),
(12, 966704, 966803),
(12, 970277, 970423),
(12, 970521, 970601),
(12, 970686, 970758),
(12, 970879, 971006),
(12, 971077, 971208),
(12, 971324, 971404),
(12, 972075, 972150),
(12, 972288, 972424),
(12, 972861, 973010),
(12, 973500, 973640),
(12, 973833, 974051),
(12, 974316, 974364),
(12, 974442, 975008),
(13, 966532, 966614),
(13, 966704, 966803),
(13, 970277, 970423),
(13, 970521, 970601),
(13, 970686, 970758),
(13, 970879, 971006),
(13, 971077, 971208),
(13, 971324, 971404),
(13, 972075, 972150),
(13, 972288, 972424),
(13, 972861, 973010),
(13, 973500, 973640),
(13, 973833, 974051),
(13, 974316, 974364),
(13, 974442, 974575),
(14, 966502, 966614),
(14, 966704, 966803),
(14, 970277, 970423),
(14, 970521, 970601),
(14, 970686, 971006),
(14, 971077, 971208),
(14, 971324, 971404),
(14, 972075, 972150),
(14, 972288, 972424),
(14, 972861, 973010),
(14, 973186, 973326),
(14, 973500, 973640),
(14, 973833, 974051),
(14, 974316, 974364),
(14, 974442, 975008),
(15, 966482, 966614),
(15, 966704, 966803),
(15, 970277, 970423),
(15, 970521, 970601),
(15, 970686, 970758),
(15, 970879, 971006),
(15, 971113, 971208),
(15, 971324, 971404),
(15, 972075, 972150),
(15, 972288, 972424),
(15, 972861, 973010),
(15, 973186, 973326),
(15, 973500, 973640),
(15, 973833, 974051),
(15, 974316, 974364),
(15, 974442, 975865),
(16, 966532, 966614),
(16, 966704, 966803),
(16, 970277, 970423),
(16, 970521, 970601),
(16, 970686, 970758),
(16, 970879, 971006),
(16, 971113, 971208),
(16, 971324, 971404),
(16, 972075, 972150),
(16, 972288, 972424),
(16, 972861, 973010),
(16, 973186, 973326),
(16, 973500, 973640),
(16, 973833, 974051),
(16, 974316, 974364),
(16, 974442, 974575),
(17, 1167104, 1167198),
(18, 1179697, 1179853),
(18, 1180034, 1180340),
(18, 1180483, 1180601),
(18, 1180731, 1180860),
(18, 1181741, 1181815),
(18, 1182361, 1182446),
(18, 1182876, 1183047),
(18, 1183920, 1184091),
(18, 1184969, 1185864),
(19, 1180054, 1180340),
(19, 1180483, 1180601),
(19, 1180731, 1180860),
(19, 1181741, 1181815),
(19, 1182361, 1182446),
(19, 1182876, 1183047),
(19, 1183920, 1184091),
(19, 1184969, 1185142),
(20, 1173880, 1173926),
(20, 1174285, 1174321),
(20, 1174424, 1174489),
(20, 1179189, 1179333),
(20, 1179657, 1179737),
(20, 1180034, 1180340),
(20, 1180483, 1180601),
(20, 1180731, 1180860),
(20, 1181741, 1181815),
(20, 1182361, 1182446),
(20, 1182876, 1183047),
(20, 1183920, 1184091),
(20, 1184969, 1185109),
(20, 1196600, 1196716),
(20, 1197093, 1197186),
(20, 1197438, 1197936),
(21, 1179216, 1179333),
(21, 1179657, 1179737),
(21, 1180034, 1180340),
(21, 1180483, 1180601),
(21, 1180731, 1180860),
(21, 1181741, 1181815),
(21, 1182361, 1182446),
(21, 1182876, 1183047),
(21, 1183920, 1184091),
(21, 1184969, 1185109),
(21, 1196600, 1196716),
(21, 1197093, 1197186),
(21, 1197438, 1197847),
(22, 1173880, 1173926),
(22, 1174266, 1174321),
(22, 1174424, 1174489),
(22, 1179189, 1179333),
(22, 1179657, 1179737),
(22, 1180034, 1180340),
(22, 1180483, 1180601),
(22, 1180731, 1180860),
(22, 1181741, 1181815),
(22, 1182361, 1182446),
(22, 1182876, 1183047),
(22, 1183920, 1184091),
(22, 1184969, 1185109),
(22, 1196600, 1196716),
(22, 1197093, 1197186),
(22, 1197438, 1197936),
(23, 1242453, 1242646),
(23, 1242835, 1242913),
(23, 1243062, 1243152),
(23, 1243444, 1243552),
(23, 1243954, 1244105),
(23, 1244191, 1244275),
(23, 1244381, 1244497),
(23, 1246514, 1246722),
(24, 1242548, 1242646),
(24, 1242835, 1242913),
(24, 1243062, 1243152),
(24, 1243444, 1243552),
(24, 1243954, 1244105),
(24, 1244191, 1244275),
(24, 1244381, 1244497),
(24, 1246514, 1246690),
(25, 1293564, 1293708),
(25, 1293823, 1293933),
(25, 1294090, 1294199),
(25, 1294402, 1294628),
(25, 1295447, 1295554),
(25, 1295736, 1295938),
(25, 1296015, 1296109),
(25, 1296211, 1296280),
(25, 1296425, 1296633),
(25, 1297822, 1297933),
(25, 1298013, 1298113),
(25, 1298370, 1298421),
(25, 1298567, 1298679),
(25, 1299345, 1299356),
(25, 1299831, 1299905),
(25, 1299973, 1300068),
(25, 1300158, 1300202),
(25, 1300509, 1300692),
(25, 1301988, 1302046),
(25, 1302922, 1302975),
(25, 1303162, 1303260),
(26, 1292391, 1293708),
(26, 1293823, 1293933),
(26, 1294090, 1294199),
(26, 1294402, 1294628),
(26, 1294718, 1294816),
(26, 1295447, 1295554),
(26, 1295736, 1295938),
(26, 1296015, 1296109),
(26, 1296211, 1296280),
(26, 1296425, 1296633),
(26, 1297822, 1297933),
(26, 1298013, 1298113),
(26, 1298370, 1298421),
(26, 1298567, 1298679),
(26, 1299345, 1299356),
(26, 1299831, 1299905),
(26, 1299973, 1300068),
(26, 1300158, 1300202),
(26, 1300509, 1300692),
(26, 1301988, 1302046),
(26, 1302922, 1302975),
(26, 1303162, 1303281),
(26, 1304086, 1304143),
(26, 1307769, 1307930),
(27, 1293564, 1293708),
(27, 1293823, 1293933),
(27, 1294090, 1294199),
(27, 1294402, 1294628),
(27, 1294718, 1294816),
(27, 1295447, 1295554),
(27, 1295736, 1295938),
(27, 1296015, 1296109),
(27, 1296211, 1296280),
(27, 1296425, 1296633),
(27, 1297822, 1297933),
(27, 1298013, 1298113),
(27, 1298370, 1298421),
(27, 1298567, 1298679),
(27, 1299345, 1299356),
(27, 1299831, 1299905),
(27, 1299973, 1300068),
(27, 1300158, 1300202),
(27, 1300509, 1300692),
(27, 1301988, 1302046),
(27, 1302922, 1302975),
(27, 1303162, 1303281),
(27, 1304086, 1304143),
(27, 1307769, 1307815),
(28, 1352691, 1353629),
(28, 1353848, 1353928),
(28, 1354030, 1354106),
(28, 1354193, 1354232),
(28, 1354354, 1354509),
(28, 1354682, 1355152),
(28, 1355244, 1355345),
(28, 1355450, 1355752),
(28, 1356681, 1356704),
(28, 1358456, 1358555),
(29, 1353604, 1353629),
(29, 1353848, 1353928),
(29, 1354030, 1354106),
(29, 1354193, 1354232),
(29, 1354354, 1354509),
(29, 1354682, 1355152),
(29, 1355244, 1355345),
(29, 1355450, 1355752),
(29, 1356681, 1356704),
(29, 1358456, 1358504),
(30, 1352689, 1353629),
(30, 1353848, 1353928),
(30, 1354030, 1354106),
(30, 1354193, 1354232),
(30, 1354354, 1354509),
(30, 1354682, 1355152),
(30, 1355244, 1355345),
(30, 1356681, 1356704),
(30, 1358456, 1358794),
(31, 1353604, 1353629),
(31, 1353848, 1353928),
(31, 1354030, 1354106),
(31, 1354193, 1354232),
(31, 1354354, 1354509),
(31, 1354682, 1355152),
(31, 1355244, 1355345),
(31, 1356681, 1356704),
(31, 1358456, 1358504),
(32, 1352692, 1353332),
(32, 1353848, 1353946),
(32, 1354030, 1354106),
(32, 1354193, 1354232),
(32, 1354354, 1354509),
(32, 1354682, 1355152),
(32, 1355244, 1355345),
(32, 1355450, 1355752),
(32, 1356681, 1356704),
(32, 1358456, 1358543),
(33, 1353301, 1353332),
(33, 1353848, 1353946),
(33, 1354030, 1354106),
(33, 1354193, 1354232),
(33, 1354354, 1354509),
(33, 1354682, 1355152),
(33, 1355244, 1355345),
(33, 1355450, 1355752),
(33, 1356681, 1356704),
(33, 1358456, 1358504),
(34, 1352692, 1353629),
(34, 1353848, 1353928),
(34, 1354030, 1354106),
(34, 1354193, 1354232),
(34, 1354354, 1354509),
(34, 1354682, 1355152),
(34, 1355244, 1355345),
(34, 1355450, 1355752),
(34, 1356681, 1356704),
(34, 1361242, 1361777),
(35, 1353604, 1353629),
(35, 1353848, 1353928),
(35, 1354030, 1354106),
(35, 1354193, 1354232),
(35, 1354354, 1354509),
(35, 1354682, 1355152),
(35, 1355244, 1355345),
(35, 1355450, 1355752),
(35, 1356681, 1356704),
(35, 1361242, 1361263),
(36, 1401909, 1402256),
(36, 1405809, 1405886),
(36, 1406909, 1407019),
(36, 1407131, 1407293),
(37, 1402083, 1402256),
(37, 1405809, 1405886),
(37, 1406909, 1407019),
(37, 1407131, 1407217),
(38, 1405109, 1405886),
(38, 1406909, 1407019),
(38, 1407131, 1407290),
(39, 1425871, 1426385),
(39, 1427554, 1430255),
(40, 1426128, 1426385),
(40, 1427554, 1427787),
(41, 1632173, 1632374),
(41, 1632783, 1632913),
(41, 1632981, 1633120),
(41, 1633188, 1633355),
(41, 1633748, 1633912),
(41, 1633989, 1634099),
(41, 1634202, 1634328),
(41, 1634451, 1634654),
(42, 1632219, 1632374),
(42, 1632783, 1632913),
(42, 1632981, 1633120),
(42, 1633188, 1633355),
(42, 1633748, 1633912),
(42, 1633989, 1634099),
(42, 1634202, 1634328),
(42, 1634451, 1634625),
(43, 1632179, 1632374),
(43, 1632783, 1632913),
(43, 1632981, 1633355),
(43, 1633748, 1633912),
(43, 1633989, 1634099),
(43, 1634202, 1634328),
(43, 1634451, 1634654),
(44, 1699942, 1700072),
(44, 1700140, 1700279),
(44, 1700347, 1700514),
(44, 1700907, 1701071),
(44, 1701148, 1701258),
(44, 1701361, 1701487),
(44, 1701608, 1701782),
(45, 1751232, 1753060),
(45, 1753567, 1753649),
(45, 1754051, 1754208),
(45, 1754284, 1754383),
(45, 1754544, 1754698),
(45, 1755374, 1755476),
(45, 1756258, 1756343),
(45, 1756503, 1756608),
(45, 1757181, 1757310),
(45, 1761952, 1762035),
(45, 1765228, 1765446),
(45, 1778289, 1778470),
(46, 1752904, 1753060),
(46, 1753567, 1753649),
(46, 1754051, 1754208),
(46, 1754284, 1754383),
(46, 1754544, 1754698),
(46, 1755374, 1755476),
(46, 1756258, 1756343),
(46, 1756503, 1756608),
(46, 1757181, 1757310),
(46, 1761952, 1762035),
(46, 1765228, 1765406),
(47, 1751232, 1753060),
(47, 1753567, 1753649),
(47, 1754051, 1754208),
(47, 1754284, 1754383),
(47, 1754544, 1754698),
(47, 1755374, 1755476),
(47, 1756258, 1756343),
(47, 1756503, 1756608),
(47, 1757181, 1757310),
(47, 1761952, 1762035),
(47, 1765228, 1765446),
(47, 1778746, 1778790),
(48, 1751232, 1753060),
(48, 1753567, 1753649),
(48, 1754051, 1754208),
(48, 1754284, 1754383),
(48, 1754544, 1754698),
(48, 1755374, 1755476),
(48, 1756258, 1756343),
(48, 1756503, 1756657),
(48, 1757107, 1757310),
(48, 1759101, 1759243),
(48, 1759734, 1759902),
(48, 1761952, 1762035),
(48, 1765228, 1765446),
(48, 1779905, 1780069),
(49, 1752904, 1753060),
(49, 1753567, 1753649),
(49, 1754051, 1754208),
(49, 1754284, 1754383),
(49, 1754544, 1754698),
(49, 1755374, 1755476),
(49, 1756258, 1756343),
(49, 1756503, 1756657),
(49, 1757107, 1757310),
(49, 1759101, 1759243),
(49, 1759734, 1759902),
(49, 1761952, 1762035),
(49, 1765228, 1765406),
(50, 1921951, 1922388),
(50, 1922985, 1923115),
(50, 1923367, 1923499),
(50, 1923775, 1923929),
(50, 1924391, 1924520),
(50, 1925783, 1925938),
(50, 1926228, 1926347),
(50, 1926457, 1926512),
(50, 1926652, 1926761),
(50, 1926894, 1927028),
(50, 1927607, 1927746),
(50, 1928784, 1928882),
(50, 1930060, 1930336),
(50, 1938855, 1938988),
(50, 1939594, 1939767),
(50, 1940316, 1940403),
(50, 1942028, 1942156),
(50, 1944331, 1944452),
(50, 1946317, 1946439),
(50, 1946990, 1947054),
(50, 1955691, 1955850),
(50, 1956620, 1956784),
(50, 1959120, 1959209),
(50, 1959964, 1960030),
(50, 1963749, 1963867),
(50, 1964888, 1965061),
(50, 1966371, 1966526),
(50, 1968635, 1968833),
(50, 1970659, 1970816),
(50, 1971980, 1972082),
(50, 1972937, 1973047),
(50, 1974025, 1974198),
(50, 1985386, 1985490),
(50, 1986937, 1987035),
(50, 1988512, 1988655),
(50, 1988889, 1988973),
(50, 1990890, 1990975),
(50, 2003701, 2003837),
(51, 1921957, 1922388),
(51, 1922589, 1922723),
(51, 1922985, 1923145),
(51, 1923367, 1923499),
(51, 1923775, 1923929),
(51, 1924391, 1924520),
(51, 1925783, 1925938),
(51, 1926228, 1926347),
(51, 1926457, 1926512),
(51, 1926652, 1926761),
(51, 1926894, 1927028),
(51, 1927607, 1927746),
(51, 1928784, 1928882),
(51, 1930060, 1930336),
(51, 1938855, 1938988),
(51, 1939594, 1939767),
(51, 1940316, 1940403),
(51, 1942028, 1942156),
(51, 1944331, 1944452),
(51, 1946317, 1946439),
(51, 1946990, 1947054),
(51, 1955691, 1955850),
(51, 1956620, 1956784),
(51, 1959120, 1959209),
(51, 1959964, 1960030),
(51, 1963749, 1963867),
(51, 1964888, 1965061),
(51, 1966371, 1966526),
(51, 1968635, 1968833),
(51, 1970659, 1970816),
(51, 1971980, 1972082),
(51, 1972937, 1973047),
(51, 1974025, 1974198),
(51, 1985386, 1985490),
(51, 1986937, 1987035),
(51, 1988512, 1988655),
(51, 1988889, 1988973),
(51, 1990890, 1990975),
(51, 2003701, 2003786),
(52, 2391890, 2391958),
(52, 2395784, 2395871),
(52, 2397116, 2397220),
(52, 2399415, 2399514),
(52, 2400857, 2400935),
(52, 2402097, 2402342),
(52, 2403035, 2403751),
(53, 2391775, 2391958),
(53, 2395784, 2395871),
(53, 2397116, 2397220),
(53, 2400857, 2400935),
(53, 2402207, 2402342),
(53, 2403035, 2405442),
(54, 2391828, 2391958),
(54, 2395784, 2395871),
(54, 2397116, 2397220),
(54, 2400857, 2400935),
(54, 2402207, 2402325),
(55, 2394005, 2395871),
(55, 2397116, 2397220),
(55, 2399415, 2399514),
(55, 2400857, 2400935),
(55, 2402207, 2402342),
(55, 2403035, 2403216),
(56, 2395791, 2395871),
(56, 2397116, 2397220),
(56, 2399415, 2399514),
(56, 2400857, 2400935),
(56, 2402207, 2402342),
(56, 2403035, 2403124),
(57, 2391841, 2391958),
(57, 2395784, 2395871),
(57, 2397116, 2397220),
(57, 2399415, 2399514),
(57, 2400857, 2400935),
(57, 2402207, 2402342),
(57, 2403035, 2405436),
(58, 2508537, 2509060),
(58, 2509862, 2509930),
(58, 2510057, 2510157),
(58, 2510678, 2510782),
(58, 2511338, 2511387),
(58, 2511628, 2511683),
(58, 2512888, 2513039),
(58, 2514002, 2514089),
(58, 2514354, 2514466),
(58, 2515562, 2515717),
(58, 2518164, 2518264),
(58, 2518516, 2518597),
(58, 2519143, 2519324),
(58, 2519801, 2519954),
(58, 2520322, 2520414),
(58, 2520723, 2520906),
(58, 2521101, 2521315),
(58, 2521718, 2521800),
(58, 2526464, 2526596),
(59, 2508537, 2509060),
(59, 2509862, 2509930),
(59, 2510057, 2510157),
(59, 2510678, 2510782),
(59, 2511338, 2511387),
(59, 2511628, 2511683),
(59, 2512888, 2513039),
(59, 2514002, 2514089),
(59, 2514354, 2514466),
(59, 2515562, 2515717),
(59, 2518164, 2518264),
(59, 2518516, 2518597),
(59, 2519143, 2519324),
(59, 2519801, 2519954),
(59, 2520322, 2520414),
(59, 2520723, 2520833),
(59, 2521145, 2521315),
(59, 2521718, 2521800),
(59, 2526464, 2526596),
(60, 2635976, 2641895),
(60, 2644264, 2644478),
(60, 2645293, 2645563),
(60, 2783609, 2783775),
(60, 2785819, 2786023),
(60, 2787481, 2787706),
(60, 2789503, 2790346),
(60, 2800044, 2800868),
(60, 2801577, 2801717),
(61, 2641368, 2641895),
(61, 2644264, 2644478),
(61, 2645293, 2645563),
(61, 2783609, 2783775),
(61, 2785819, 2786023),
(61, 2787481, 2787706),
(61, 2789503, 2789665),
(62, 2641368, 2641895),
(62, 2644264, 2644478),
(62, 2645293, 2645563),
(62, 2783609, 2783775),
(62, 2785819, 2786023),
(62, 2787481, 2787706),
(62, 2789503, 2789591),
(63, 3127975, 3128035),
(64, 3712200, 3712438),
(64, 3714187, 3714298),
(65, 3778559, 3781336),
(65, 3781512, 3781601),
(65, 3782661, 3782763),
(65, 3783996, 3784111),
(65, 3785087, 3785203),
(65, 3786849, 3787310),
(65, 3795862, 3796498),
(66, 3781088, 3781336),
(66, 3781512, 3781601),
(66, 3782661, 3782763),
(66, 3783996, 3784111),
(66, 3785087, 3785203),
(66, 3786849, 3787310),
(66, 3795862, 3796476),
(67, 3889133, 3890073),
(67, 3890569, 3891057),
(67, 3892883, 3892996),
(67, 3900172, 3900272),
(68, 3889960, 3890073),
(68, 3890569, 3891057),
(68, 3892883, 3892996),
(68, 3900172, 3900186),
(69, 3889153, 3890073),
(69, 3890569, 3891057),
(69, 3892883, 3892989),
(69, 3900172, 3900221),
(70, 3889747, 3891057),
(70, 3892883, 3892996),
(70, 3900172, 3900258),
(71, 4571548, 4571629),
(71, 4572470, 4572592),
(71, 4582277, 4582574),
(71, 4583083, 4583178),
(71, 4583339, 4583421),
(72, 4571481, 4571629),
(72, 4593052, 4594009),
(73, 4571504, 4571629),
(73, 4575322, 4575450),
(73, 4593052, 4594009),
(74, 4571516, 4571629),
(74, 4572470, 4572592),
(74, 4583083, 4583178),
(74, 4583897, 4585094),
(75, 4571489, 4571629),
(75, 4572470, 4572592),
(75, 4593052, 4593190),
(75, 4593700, 4594009),
(76, 5086459, 5086569),
(76, 5088251, 5088373),
(76, 5090580, 5090627),
(76, 5090733, 5090899),
(77, 6034283, 6034794),
(77, 6040517, 6040645),
(77, 6041831, 6041872),
(77, 6072755, 6072798),
(77, 6073733, 6073770),
(77, 6082195, 6082274),
(77, 6085204, 6085248),
(77, 6087467, 6087511),
(77, 6089008, 6089051),
(77, 6090389, 6090475),
(77, 6094400, 6094485),
(77, 6095323, 6095443),
(77, 6095530, 6095624),
(77, 6096636, 6096756),
(77, 6097269, 6097357),
(77, 6098485, 6101179),
(78, 6040569, 6040645),
(78, 6041831, 6041872),
(78, 6072755, 6072798),
(78, 6073733, 6073770),
(78, 6082195, 6082274),
(78, 6085204, 6085248),
(78, 6087467, 6087511),
(78, 6089008, 6089051),
(78, 6090389, 6090475),
(78, 6094400, 6094485),
(78, 6095323, 6095443),
(78, 6095530, 6095624),
(78, 6096636, 6096756),
(78, 6097269, 6097357),
(78, 6098485, 6098574),
(79, 5992753, 5992788),
(79, 6040517, 6040645),
(79, 6041831, 6041872),
(79, 6072755, 6072798),
(79, 6073733, 6073770),
(79, 6082195, 6082274),
(79, 6085204, 6085248),
(79, 6087467, 6087511),
(79, 6089008, 6089051),
(79, 6090389, 6090475),
(79, 6091263, 6091307),
(79, 6094400, 6094485),
(79, 6095323, 6095443),
(79, 6095530, 6095624),
(79, 6096636, 6096756),
(79, 6097269, 6097357),
(79, 6098485, 6101190),
(80, 6026163, 6026445),
(80, 6040517, 6040645),
(80, 6072755, 6072798),
(80, 6073733, 6073770),
(80, 6082195, 6082274),
(80, 6085204, 6085248),
(80, 6087467, 6087511),
(80, 6089008, 6089051),
(80, 6090389, 6090475),
(80, 6094400, 6094485),
(80, 6095323, 6095443),
(80, 6095530, 6095624),
(80, 6096636, 6096756),
(80, 6097269, 6097357),
(80, 6098485, 6101178),
(81, 6040569, 6040645),
(81, 6072755, 6072798),
(81, 6073733, 6073770),
(81, 6082195, 6082274),
(81, 6085204, 6085248),
(81, 6087467, 6087511),
(81, 6089008, 6089051),
(81, 6090389, 6090475),
(81, 6094400, 6094485),
(81, 6095323, 6095443),
(81, 6095530, 6095624),
(81, 6096636, 6096756),
(81, 6097269, 6097357),
(81, 6098485, 6098574),
(82, 6045888, 6046183),
(82, 6051511, 6051754),
(82, 6072755, 6072798),
(82, 6073733, 6073770),
(82, 6082195, 6082274),
(82, 6085204, 6085248),
(82, 6087467, 6087511),
(82, 6089008, 6089051),
(82, 6090389, 6090475),
(82, 6091263, 6091307),
(82, 6094400, 6094485),
(82, 6095323, 6095443),
(82, 6095530, 6095624),
(82, 6096636, 6096756),
(82, 6097269, 6097357),
(82, 6098485, 6101180),
(83, 6051537, 6051754),
(83, 6072755, 6072798),
(83, 6073733, 6073770),
(83, 6082195, 6082274),
(83, 6085204, 6085248),
(83, 6087467, 6087511),
(83, 6089008, 6089051),
(83, 6090389, 6090475),
(83, 6091263, 6091307),
(83, 6094400, 6094485),
(83, 6095323, 6095443),
(83, 6095530, 6095624),
(83, 6096636, 6096756),
(83, 6097269, 6097357),
(83, 6098485, 6098574),
(84, 6034980, 6035172),
(84, 6040517, 6040645),
(84, 6041831, 6041872),
(84, 6072755, 6072798),
(84, 6073733, 6073770),
(84, 6082195, 6082274),
(84, 6085204, 6085248),
(84, 6087467, 6087511),
(84, 6089008, 6089051),
(84, 6090389, 6090475),
(84, 6094400, 6094485),
(84, 6095323, 6095443),
(84, 6095530, 6095624),
(84, 6096636, 6096756),
(84, 6097269, 6097357),
(84, 6098485, 6098723),
(85, 5992262, 5992788),
(85, 6040517, 6040645),
(85, 6041831, 6041872),
(85, 6072755, 6072798),
(85, 6073733, 6073770),
(85, 6082195, 6082274),
(85, 6085204, 6085248),
(85, 6087467, 6087511),
(85, 6089008, 6089051),
(85, 6090389, 6090475),
(85, 6094400, 6094485),
(85, 6095323, 6095443),
(85, 6095530, 6095624),
(85, 6096636, 6096756),
(85, 6097269, 6097357),
(85, 6098485, 6101193),
(86, 6026013, 6026445),
(86, 6040517, 6040645),
(86, 6041831, 6041872),
(86, 6072755, 6072798),
(86, 6073733, 6073770),
(86, 6082195, 6082274),
(86, 6085204, 6085248),
(86, 6087467, 6087511),
(86, 6089008, 6089051),
(86, 6090389, 6090475),
(86, 6094400, 6094485),
(86, 6095323, 6095443),
(86, 6095530, 6095624),
(86, 6096636, 6096756),
(86, 6097269, 6097357),
(86, 6098485, 6099119),
(87, 6046114, 6046183),
(87, 6072755, 6072798),
(87, 6073733, 6073770),
(87, 6082195, 6082274),
(87, 6085204, 6085248),
(87, 6087467, 6087511),
(87, 6089008, 6089051),
(87, 6090389, 6090475),
(87, 6094400, 6094485),
(87, 6095323, 6095443),
(87, 6095530, 6095624),
(87, 6096636, 6096756),
(87, 6097269, 6097357),
(87, 6098485, 6098855),
(88, 6082195, 6082274),
(88, 6085204, 6085248),
(88, 6087467, 6087511),
(88, 6089008, 6089051),
(88, 6090389, 6090475),
(88, 6094400, 6094485),
(88, 6095323, 6095443),
(88, 6095530, 6095624),
(88, 6096636, 6096756),
(88, 6097269, 6097357),
(88, 6098485, 6098574),
(89, 5992760, 5992788),
(89, 6040517, 6040645),
(89, 6072755, 6072798),
(89, 6073733, 6073770),
(89, 6082195, 6082274),
(89, 6085204, 6085248),
(89, 6085740, 6086371),
(90, 6035090, 6035172),
(90, 6040517, 6040645),
(90, 6041831, 6041872),
(90, 6072755, 6072798),
(90, 6073733, 6073770),
(90, 6082195, 6082274),
(90, 6085204, 6085248),
(90, 6085740, 6085793),
(90, 6086158, 6086362),
(91, 6026320, 6026445),
(91, 6040517, 6040645),
(91, 6041831, 6041872),
(91, 6072755, 6072798),
(91, 6073733, 6073770),
(91, 6082195, 6082274),
(91, 6085204, 6085248),
(91, 6087467, 6087511),
(91, 6089008, 6089051),
(91, 6090389, 6090475),
(91, 6094400, 6094485),
(91, 6095323, 6095443),
(91, 6095530, 6095624),
(91, 6096636, 6096756),
(91, 6097269, 6098561),
(92, 6026347, 6026445),
(92, 6040517, 6040645),
(92, 6072755, 6072798),
(92, 6073733, 6073770),
(92, 6082195, 6082816),
(93, 5992711, 5992788),
(93, 6040517, 6040645),
(93, 6072755, 6072798),
(93, 6073733, 6073770),
(93, 6082195, 6082274),
(93, 6085204, 6085248),
(93, 6087467, 6087511),
(93, 6089008, 6089051),
(93, 6090389, 6090475),
(93, 6094400, 6094485),
(93, 6095323, 6095443),
(93, 6095530, 6095624),
(93, 6096636, 6096756),
(93, 6097269, 6097357),
(93, 6097517, 6097555),
(93, 6098485, 6101178),
(94, 6026294, 6026445),
(94, 6040517, 6040645),
(94, 6041831, 6041872),
(94, 6072755, 6072798),
(94, 6073733, 6073770),
(94, 6082195, 6082274),
(94, 6085204, 6085248),
(94, 6086158, 6086363),
(95, 6065753, 6066276),
(95, 6072755, 6072798),
(95, 6073733, 6073770),
(95, 6082195, 6082274),
(95, 6085204, 6085248),
(95, 6087467, 6087511),
(95, 6089008, 6089051),
(95, 6090389, 6090475),
(95, 6094400, 6094485),
(95, 6095323, 6095443),
(95, 6095530, 6095624),
(95, 6096636, 6096756),
(95, 6097269, 6097357),
(95, 6098485, 6100023),
(96, 6026272, 6026445),
(96, 6040517, 6040645),
(96, 6072755, 6072798),
(96, 6073733, 6073770),
(96, 6082195, 6082274),
(96, 6085204, 6085248),
(96, 6086158, 6086366),
(97, 5992639, 5992788),
(97, 6040517, 6040645),
(97, 6072755, 6072798),
(97, 6073733, 6073770),
(97, 6082195, 6082274),
(97, 6085204, 6085248),
(97, 6087467, 6087511),
(97, 6089008, 6089051),
(97, 6090389, 6090475),
(97, 6094400, 6094485),
(97, 6095323, 6095443),
(97, 6095530, 6095624),
(97, 6096636, 6096756),
(97, 6097269, 6097357),
(97, 6098485, 6101188),
(98, 6026345, 6026445),
(98, 6040517, 6040645),
(98, 6072755, 6072798),
(98, 6073733, 6073770),
(98, 6082195, 6082274),
(98, 6085204, 6086363),
(99, 6034677, 6034963),
(99, 6040517, 6040645),
(99, 6041831, 6041872),
(99, 6072755, 6072798),
(99, 6073733, 6073770),
(99, 6082195, 6082274),
(99, 6085204, 6085248),
(99, 6087467, 6087511),
(99, 6089008, 6089051),
(99, 6090389, 6090475),
(99, 6094400, 6094485),
(99, 6095323, 6095443),
(99, 6095530, 6095624),
(99, 6096636, 6096756),
(99, 6097269, 6098213),
(100, 6027297, 6027459),
(100, 6040517, 6040645),
(100, 6072755, 6072798),
(100, 6073733, 6073770),
(100, 6082195, 6082274),
(100, 6085204, 6085248),
(100, 6087467, 6087511),
(100, 6089008, 6089051),
(100, 6090389, 6090475),
(100, 6094400, 6094485),
(100, 6095323, 6095443),
(100, 6095530, 6095624),
(100, 6096636, 6096756),
(100, 6097269, 6097357),
(100, 6098485, 6101180),
(101, 5992666, 5992788),
(101, 6018635, 6018835),
(101, 6040517, 6040645),
(101, 6041831, 6041872),
(101, 6072755, 6072798),
(101, 6073733, 6073770),
(101, 6082195, 6082274),
(101, 6085204, 6085248),
(101, 6087467, 6087511),
(101, 6089008, 6089051),
(101, 6090389, 6090475),
(101, 6094400, 6094485),
(101, 6095323, 6095443),
(101, 6095530, 6095624),
(101, 6096636, 6096756),
(101, 6097269, 6097357),
(101, 6098485, 6101178),
(102, 6206119, 6206302),
(102, 6206536, 6206726),
(102, 6207379, 6207511),
(102, 6208881, 6209025),
(102, 6209115, 6209196),
(102, 6209268, 6209343),
(102, 6209414, 6209539),
(102, 6209924, 6209970),
(102, 6210223, 6210295),
(102, 6210370, 6210438),
(102, 6210870, 6210938),
(102, 6211021, 6211118),
(102, 6211867, 6212053),
(102, 6212231, 6212416),
(102, 6212682, 6212733),
(102, 6213066, 6213183),
(102, 6218289, 6218369),
(102, 6219236, 6221299),
(103, 6206536, 6206726),
(103, 6207379, 6207511),
(103, 6208881, 6209025),
(103, 6209115, 6209196),
(103, 6209268, 6209343),
(103, 6209414, 6209539),
(103, 6209924, 6209970),
(103, 6210223, 6210295),
(103, 6210370, 6210438),
(103, 6210870, 6210938),
(103, 6211021, 6211118),
(103, 6211867, 6212053),
(103, 6212231, 6212416),
(103, 6212682, 6212733),
(103, 6213066, 6213183),
(103, 6218289, 6218369),
(103, 6219236, 6219407),
(104, 6264272, 6264695),
(104, 6281102, 6281286),
(104, 6294864, 6294980),
(104, 6318492, 6318578),
(104, 6327299, 6327413),
(104, 6333477, 6333568),
(104, 6339433, 6339589),
(104, 6349749, 6349866),
(104, 6393257, 6393767),
(105, 6264597, 6264695),
(105, 6281102, 6281286),
(105, 6294864, 6294980),
(105, 6318492, 6318578),
(105, 6327299, 6327413),
(105, 6333477, 6333568),
(105, 6339433, 6339589),
(105, 6349749, 6349866),
(105, 6393257, 6393399),
(106, 6264273, 6264695),
(106, 6281102, 6281286),
(106, 6294864, 6294980),
(106, 6318492, 6318578),
(106, 6327299, 6327413),
(106, 6333477, 6333568),
(106, 6339433, 6339589),
(106, 6349749, 6349866),
(106, 6358826, 6359344),
(107, 6264597, 6264695),
(107, 6281102, 6281286),
(107, 6294864, 6294980),
(107, 6318492, 6318578),
(107, 6327299, 6327413),
(107, 6333477, 6333568),
(107, 6339433, 6339589),
(107, 6349749, 6349866),
(107, 6358826, 6358845),
(108, 6264273, 6264695),
(108, 6281102, 6281286),
(108, 6294864, 6294980),
(108, 6318492, 6318578),
(108, 6327299, 6327413),
(108, 6333477, 6333568),
(108, 6339433, 6339589),
(108, 6349749, 6349866),
(108, 6360570, 6360707),
(109, 6264597, 6264695),
(109, 6281102, 6281286),
(109, 6294864, 6294980),
(109, 6318492, 6318578),
(109, 6327299, 6327413),
(109, 6333477, 6333568),
(109, 6339433, 6339589),
(109, 6349749, 6349866),
(109, 6360570, 6360652),
(110, 6264273, 6264695),
(110, 6281102, 6281286),
(110, 6294864, 6294980),
(110, 6318492, 6318578),
(110, 6327299, 6327413),
(110, 6333477, 6333568),
(110, 6339433, 6339589),
(110, 6349749, 6349866),
(110, 6385494, 6385813),
(111, 6264597, 6264695),
(111, 6281102, 6281286),
(111, 6294864, 6294980),
(111, 6318492, 6318578),
(111, 6327299, 6327413),
(111, 6333477, 6333568),
(111, 6339433, 6339589),
(111, 6349749, 6349866),
(111, 6385494, 6385666),
(112, 6264273, 6264695),
(112, 6281102, 6281286),
(112, 6294864, 6294980),
(112, 6318492, 6318578),
(112, 6327299, 6327413),
(112, 6333477, 6333568),
(112, 6339433, 6339589),
(112, 6349749, 6349866),
(112, 6393257, 6393766),
(113, 6264269, 6264695),
(113, 6281102, 6281286),
(113, 6294864, 6294980),
(113, 6318492, 6318578),
(113, 6327299, 6327413),
(113, 6333477, 6333568),
(113, 6339433, 6339589),
(113, 6349749, 6349866),
(113, 6393257, 6393361),
(114, 6624868, 6624954),
(114, 6625150, 6625292),
(114, 6628499, 6628691),
(114, 6630288, 6630353),
(114, 6632391, 6632495),
(114, 6632796, 6633562),
(115, 6625219, 6625292),
(115, 6628499, 6628691),
(115, 6630288, 6630353),
(115, 6632391, 6632495),
(115, 6632796, 6633077),
(116, 6625181, 6625292),
(116, 6628499, 6628691),
(116, 6630291, 6630353),
(116, 6632391, 6632495),
(116, 6632796, 6633368),
(117, 6625219, 6625292),
(117, 6628499, 6628691),
(117, 6630291, 6630353),
(117, 6632391, 6632495),
(117, 6632796, 6633077),
(118, 6625192, 6625292),
(118, 6628499, 6628691),
(118, 6630288, 6630353),
(118, 6632370, 6632495),
(118, 6634020, 6635586),
(119, 6625219, 6625292),
(119, 6628499, 6628691),
(119, 6630288, 6630353),
(119, 6632370, 6632495),
(119, 6634020, 6634088),
(120, 6785454, 6785575),
(120, 6820181, 6820250),
(120, 6825092, 6825210),
(120, 7091304, 7091371),
(120, 7249491, 7249626),
(120, 7467830, 7467901),
(120, 7640400, 7640553),
(120, 7661726, 7661866),
(120, 7663353, 7665199),
(120, 7670911, 7671037),
(120, 7677599, 7677733),
(120, 7732448, 7732599),
(120, 7736344, 7736540),
(120, 7736931, 7737009),
(120, 7737255, 7737570),
(120, 7737959, 7738482),
(120, 7744835, 7745022),
(120, 7745845, 7746091),
(120, 7747710, 7747781),
(120, 7751199, 7751392),
(120, 7752459, 7752533),
(120, 7755638, 7755668),
(120, 7766459, 7769706),
(121, 6785531, 6785575),
(121, 6820181, 6820250),
(121, 6825092, 6825210),
(121, 7091304, 7091371),
(121, 7249491, 7249626),
(121, 7467830, 7467901),
(121, 7640400, 7640553),
(121, 7661726, 7661866),
(121, 7663353, 7665199),
(121, 7670911, 7671037),
(121, 7677599, 7677733),
(121, 7732448, 7732599),
(121, 7736344, 7736540),
(121, 7736931, 7737009),
(121, 7737255, 7737570),
(121, 7737959, 7738482),
(121, 7744835, 7745022),
(121, 7745845, 7746091),
(121, 7747710, 7747781),
(121, 7751199, 7751392),
(121, 7752459, 7752533),
(121, 7755638, 7755668),
(121, 7766459, 7766491),
(122, 6785518, 6785575),
(122, 6806983, 6807088),
(122, 6825092, 6825210),
(122, 6871757, 6872019),
(123, 6785531, 6785575),
(123, 6806983, 6807088),
(123, 6825092, 6825210),
(123, 6871757, 6871765),
(124, 6785480, 6785575),
(124, 6820181, 6820250),
(124, 6825092, 6825210),
(124, 6871757, 6872038),
(125, 6785531, 6785575),
(125, 6820181, 6820250),
(125, 6825092, 6825210),
(125, 6871757, 6871765),
(126, 7744961, 7745022),
(126, 7745845, 7746091),
(126, 7747710, 7747781),
(126, 7751199, 7751392),
(126, 7752459, 7752533),
(126, 7766459, 7766522),
(127, 6785491, 6785575),
(127, 6820181, 6820250),
(127, 6825092, 6825210),
(127, 6887654, 6887865),
(128, 6785531, 6785575),
(128, 6820181, 6820250),
(128, 6825092, 6825210),
(128, 6887654, 6887725),
(129, 7388183, 7388493),
(129, 7389340, 7389419),
(130, 7382487, 7382723),
(130, 7389340, 7389439),
(130, 7389659, 7389754),
(131, 7771296, 7771385),
(131, 7773442, 7773511),
(131, 7777160, 7777318),
(131, 7778118, 7778169),
(131, 7779626, 7781432),
(132, 7771384, 7771385),
(132, 7773442, 7773511),
(132, 7777160, 7777318),
(132, 7778118, 7778169),
(132, 7779626, 7779645),
(133, 7772707, 7773198),
(133, 7773442, 7773511),
(133, 7777160, 7777318),
(133, 7778118, 7778169),
(133, 7779626, 7779806),
(134, 7915871, 7920923),
(134, 7933162, 7933296),
(134, 7935013, 7935143),
(134, 7937690, 7937756),
(134, 7938193, 7938330),
(134, 7938721, 7938828),
(134, 7939895, 7940078),
(134, 7940784, 7940839),
(135, 7920835, 7920923),
(135, 7933162, 7933296),
(135, 7935013, 7935143),
(135, 7937690, 7937756),
(135, 7938193, 7938330),
(135, 7938721, 7938828),
(135, 7939895, 7939994),
(136, 7915894, 7920923),
(136, 7933162, 7933296),
(136, 7935013, 7935143),
(136, 7937690, 7937756),
(136, 7938193, 7938330),
(136, 7938721, 7938828),
(136, 7939895, 7940078),
(136, 7940784, 7940933),
(136, 7943139, 7943165),
(137, 8208672, 8208873),
(137, 8210487, 8210595),
(137, 8214625, 8214678),
(137, 8215079, 8215210),
(138, 8201518, 8201568),
(138, 8202690, 8202876),
(138, 8208667, 8208873),
(138, 8210487, 8210595),
(138, 8215079, 8215207),
(139, 8750430, 8751087),
(140, 8831007, 8831375),
(141, 8893409, 8894151),
(142, 9002973, 9003518),
(142, 9004752, 9004879),
(142, 9007310, 9007385),
(142, 9010143, 9010244),
(142, 9013525, 9013635),
(142, 9014681, 9014868),
(142, 9015117, 9015242),
(142, 9018223, 9018375),
(142, 9019209, 9019333),
(142, 9022918, 9023078),
(142, 9024976, 9025074),
(142, 9026295, 9026423),
(143, 9003300, 9003518),
(143, 9004752, 9004879),
(143, 9007310, 9007385),
(143, 9010143, 9010244),
(143, 9013525, 9013635),
(143, 9014681, 9014868),
(143, 9015117, 9015242),
(143, 9018223, 9018375),
(143, 9019209, 9019333),
(143, 9022918, 9023078),
(143, 9024976, 9025074),
(143, 9026295, 9026345),
(144, 9151668, 9151777),
(145, 9425094, 9427381),
(145, 9428922, 9429075),
(146, 9426975, 9427381),
(146, 9428842, 9428916),
(147, 9426649, 9427381),
(147, 9440459, 9440564),
(148, 9588922, 9589043),
(148, 9595890, 9596010),
(148, 9596859, 9597053),
(148, 9598449, 9598625),
(148, 9601105, 9601454),
(148, 9602069, 9604954),
(149, 9588931, 9589043),
(149, 9595890, 9596010),
(149, 9596859, 9597053),
(149, 9598449, 9598625),
(149, 9601105, 9601454),
(149, 9602069, 9602291),
(150, 9588911, 9589043),
(150, 9595890, 9596010),
(150, 9596859, 9597053),
(150, 9598449, 9598625),
(150, 9601105, 9601454),
(150, 9602069, 9602272),
(150, 9607557, 9607789),
(150, 9609840, 9609911),
(150, 9610506, 9610805),
(150, 9611753, 9611890),
(150, 9612986, 9614877),
(151, 9588931, 9589043),
(151, 9595890, 9596010),
(151, 9596859, 9597053),
(151, 9598449, 9598625),
(151, 9601105, 9601454),
(151, 9602069, 9602272),
(151, 9607557, 9607789),
(151, 9609840, 9609911),
(151, 9610506, 9610805),
(151, 9611753, 9611890),
(151, 9612986, 9613083),
(152, 9729028, 9730705),
(152, 9731206, 9731390),
(152, 9731761, 9731896),
(152, 9733401, 9733546),
(152, 9733972, 9734142),
(152, 9734948, 9735174),
(152, 9735467, 9735615),
(152, 9735885, 9736042),
(152, 9737498, 9737554),
(152, 9741094, 9741256),
(152, 9743884, 9744005),
(152, 9744395, 9744643),
(152, 9749461, 9749646),
(152, 9749764, 9749913),
(152, 9751473, 9751681),
(152, 9755114, 9755309),
(152, 9773272, 9773394),
(152, 9823643, 9823984),
(153, 9730508, 9730705),
(153, 9731206, 9731390),
(153, 9731761, 9731896),
(153, 9733401, 9733546),
(153, 9733972, 9734142),
(153, 9734948, 9735174),
(153, 9735467, 9735615),
(153, 9735885, 9736042),
(153, 9737498, 9737554),
(153, 9741094, 9741256),
(153, 9743884, 9744005),
(153, 9744395, 9744643),
(153, 9749461, 9749646),
(153, 9749764, 9749913),
(153, 9751473, 9751681),
(153, 9755114, 9755309),
(153, 9773272, 9773394),
(153, 9823643, 9823733),
(154, 9728926, 9730705),
(154, 9731206, 9731390),
(154, 9731761, 9731896),
(154, 9733401, 9733546),
(154, 9733972, 9734142),
(154, 9734948, 9735174),
(154, 9735467, 9735615),
(154, 9735885, 9736042),
(154, 9737498, 9737554),
(154, 9741094, 9741256),
(154, 9743884, 9744005),
(154, 9744395, 9744643),
(154, 9749461, 9749646),
(154, 9749764, 9749913),
(154, 9751473, 9751681),
(154, 9755114, 9755309),
(154, 9756481, 9756510),
(154, 9773272, 9773394),
(154, 9823643, 9823965),
(155, 9730508, 9730705),
(155, 9731206, 9731390),
(155, 9731761, 9731896),
(155, 9733401, 9733546),
(155, 9733972, 9734142),
(155, 9734948, 9735174),
(155, 9735467, 9735615),
(155, 9735885, 9736042),
(155, 9737498, 9737554),
(155, 9741094, 9741256),
(155, 9743884, 9744005),
(155, 9744395, 9744643),
(155, 9749461, 9749646),
(155, 9749764, 9749913),
(155, 9751473, 9751681),
(155, 9755114, 9755309),
(155, 9756481, 9756510),
(155, 9773272, 9773394),
(155, 9823643, 9823733),
(156, 9950572, 9950648),
(156, 9951231, 9951297),
(156, 9952339, 9952469),
(156, 9955821, 9955915),
(156, 9960714, 9960787),
(157, 10298966, 10299072),
(158, 11189355, 11189955),
(158, 11192270, 11192370),
(158, 11193580, 11193774),
(158, 11194461, 11194659),
(158, 11194854, 11195981),
(159, 11189580, 11189955),
(159, 11192270, 11192370),
(159, 11193580, 11193774),
(159, 11194461, 11194659),
(159, 11194854, 11195023),
(160, 11691710, 11691853),
(160, 11706249, 11706709),
(160, 11709275, 11709465),
(160, 11711851, 11711965),
(160, 11712340, 11712429),
(160, 11715119, 11715208),
(160, 11719584, 11725857),
(161, 11706259, 11706709),
(161, 11709275, 11709465),
(161, 11711851, 11711965),
(161, 11712340, 11712429),
(161, 11715119, 11715208),
(161, 11719584, 11719696),
(162, 11806096, 11806349),
(162, 11807131, 11807190),
(162, 11816615, 11816680),
(162, 11819488, 11819554),
(162, 11822695, 11822801),
(162, 11823707, 11823833),
(162, 11824486, 11824553),
(162, 11826156, 11826214),
(162, 11827089, 11827221),
(162, 11828106, 11828219),
(162, 11828458, 11828624),
(162, 11829196, 11829322),
(162, 11833515, 11833638),
(162, 11833877, 11834030),
(162, 11834236, 11834395),
(162, 11834484, 11834590),
(162, 11835967, 11836153),
(162, 11836999, 11837156),
(162, 11837343, 11837499),
(162, 11838335, 11838442),
(162, 11838535, 11838660),
(162, 11840143, 11843143),
(163, 11806263, 11806349),
(163, 11807131, 11807190),
(163, 11816615, 11816680),
(163, 11819488, 11819554),
(163, 11822695, 11822801),
(163, 11823707, 11823833),
(163, 11824486, 11824553),
(163, 11826156, 11826214),
(163, 11827089, 11827221),
(163, 11828106, 11828219),
(163, 11828458, 11828624),
(163, 11829196, 11829322),
(163, 11833515, 11833638),
(163, 11833877, 11834030),
(163, 11834236, 11834395),
(163, 11834484, 11834590),
(163, 11835967, 11836153),
(163, 11836999, 11837156),
(163, 11837343, 11837499),
(163, 11838335, 11838442),
(163, 11838535, 11838660),
(163, 11840143, 11840223),
(164, 11806191, 11806349),
(164, 11807131, 11807190),
(164, 11815846, 11815911),
(164, 11816615, 11816680),
(164, 11819488, 11819554),
(164, 11822695, 11822801),
(164, 11823707, 11823833),
(164, 11824486, 11824553),
(164, 11826156, 11826214),
(164, 11827089, 11827221),
(164, 11828106, 11828219),
(164, 11828458, 11828624),
(164, 11829196, 11829322),
(164, 11833515, 11833638),
(164, 11833877, 11834030),
(164, 11834236, 11834395),
(164, 11834484, 11834590),
(164, 11835967, 11836153),
(164, 11836999, 11837156),
(164, 11837343, 11837499),
(164, 11838335, 11838442),
(164, 11838535, 11838660),
(164, 11840143, 11843130),
(165, 11806263, 11806349),
(165, 11807131, 11807190),
(165, 11815846, 11815911),
(165, 11816615, 11816680),
(165, 11819488, 11819554),
(165, 11822695, 11822801),
(165, 11823707, 11823833),
(165, 11824486, 11824553),
(165, 11826156, 11826214),
(165, 11827089, 11827221),
(165, 11828106, 11828219),
(165, 11828458, 11828624),
(165, 11829196, 11829322),
(165, 11833515, 11833638),
(165, 11833877, 11834030),
(165, 11834236, 11834395),
(165, 11834484, 11834590),
(165, 11835967, 11836153),
(165, 11836999, 11837156),
(165, 11837343, 11837499),
(165, 11838335, 11838442),
(165, 11838535, 11838660),
(165, 11840143, 11840223),
(166, 11806260, 11806349),
(166, 11807131, 11807190),
(166, 11815846, 11815911),
(166, 11816615, 11816680),
(166, 11819488, 11819554),
(166, 11822695, 11822801),
(166, 11823707, 11823833),
(166, 11824486, 11824553),
(166, 11826156, 11826214),
(166, 11827089, 11827221),
(166, 11828106, 11828219),
(166, 11828458, 11828624),
(166, 11829196, 11829322),
(166, 11833515, 11833638),
(166, 11833877, 11834030),
(166, 11834236, 11834395),
(166, 11834484, 11834590),
(166, 11835967, 11836153),
(166, 11836999, 11837156),
(166, 11837343, 11837499),
(166, 11838335, 11838442),
(166, 11838535, 11839050),
(167, 11857464, 11857671),
(167, 11858214, 11858469),
(167, 11858702, 11858945),
(168, 11857655, 11857671),
(168, 11858214, 11858469),
(168, 11858702, 11858833),
(169, 11919591, 11920332),
(169, 11922636, 11923489),
(169, 11925205, 11926427),
(170, 11920315, 11920332),
(170, 11922636, 11923489),
(170, 11925205, 11926237),
(171, 11922175, 11923489),
(171, 11925205, 11926428),
(172, 11920183, 11920332),
(172, 11922636, 11923489),
(172, 11925205, 11926269),
(172, 11926303, 11926403),
(173, 12019498, 12019552),
(173, 12021645, 12021840),
(173, 12022095, 12022442),
(173, 12022833, 12022917),
(173, 12029033, 12029141),
(173, 12029223, 12029281),
(173, 12029765, 12029894),
(173, 12030028, 12030124),
(173, 12031266, 12031403),
(173, 12031722, 12032045),
(174, 12021727, 12021840),
(174, 12022095, 12022442),
(174, 12022833, 12022917),
(174, 12029033, 12029141),
(174, 12029223, 12029281),
(174, 12029765, 12029894),
(174, 12030028, 12030124),
(174, 12031266, 12031403),
(174, 12031722, 12031808),
(175, 12077881, 12077984),
(176, 12191713, 12191773),
(177, 12525738, 12525959),
(177, 12527445, 12527792),
(177, 12528050, 12529080),
(177, 12530354, 12530462),
(178, 12644085, 12644714),
(178, 12651123, 12651339),
(178, 12661791, 12661854),
(178, 12665961, 12667076),
(179, 12644547, 12644714),
(179, 12651123, 12651339),
(179, 12661791, 12661854),
(179, 12665961, 12666735),
(180, 12791397, 12791474),
(180, 12793203, 12793514),
(180, 12793915, 12794493),
(180, 12795438, 12796628),
(181, 12793228, 12793514),
(181, 12793915, 12794493),
(181, 12795438, 12795996),
(182, 12857086, 12857147),
(182, 12858985, 12859296),
(182, 12859693, 12860271),
(182, 12861221, 12861909),
(183, 12859010, 12859296),
(183, 12859693, 12860271),
(183, 12861221, 12861779),
(184, 12926162, 12926741),
(184, 12927695, 12928253),
(185, 13068677, 13068754),
(185, 13073678, 13073986),
(185, 13074659, 13075240),
(185, 13076991, 13077884),
(186, 13073694, 13073986),
(186, 13074659, 13075240),
(186, 13076991, 13077552),
(187, 13070853, 13070907),
(187, 13073678, 13073986),
(187, 13074659, 13075240),
(187, 13076991, 13077884),
(188, 13222705, 13223905),
(188, 13224855, 13225433),
(188, 13225820, 13226106),
(189, 13223332, 13223905),
(189, 13224855, 13225433),
(189, 13225820, 13226106),
(190, 13281035, 13281932),
(190, 13282847, 13283422),
(190, 13283805, 13284116),
(190, 13285097, 13285154),
(191, 13281371, 13281932),
(191, 13282847, 13283422),
(191, 13283805, 13284091),
(192, 13281302, 13281932),
(192, 13282847, 13283422),
(192, 13283805, 13284091),
(192, 13285077, 13285174),
(193, 13281168, 13281932),
(193, 13282847, 13283422),
(193, 13283805, 13284169),
(194, 13369067, 13369640),
(194, 13370649, 13371227),
(194, 13371614, 13371900),
(195, 13555001, 13555289),
(195, 13555613, 13555694),
(196, 13704855, 13705645),
(196, 13715541, 13715614),
(196, 13731000, 13731117),
(196, 13732779, 13732882),
(196, 13742005, 13742157),
(196, 13749361, 13749487),
(196, 13773078, 13773188),
(196, 13778418, 13782831),
(196, 13816427, 13816570),
(196, 13823159, 13825079),
(197, 13715606, 13715614),
(197, 13731000, 13731117),
(197, 13732779, 13732882),
(197, 13742005, 13742157),
(197, 13749361, 13749487),
(197, 13773078, 13773188),
(197, 13778418, 13782831),
(197, 13816427, 13816547),
(198, 13700188, 13700300),
(198, 13715541, 13715614),
(198, 13731000, 13731117),
(198, 13732779, 13732882),
(198, 13742005, 13742157),
(198, 13749361, 13749487),
(198, 13773078, 13773188),
(198, 13778418, 13782831),
(198, 13816427, 13816570),
(198, 13823159, 13825079),
(199, 13749415, 13749487),
(199, 13769118, 13769173),
(199, 13773078, 13773188),
(199, 13778418, 13782831),
(199, 13786515, 13787657),
(200, 13773170, 13773188),
(200, 13778418, 13782831),
(200, 13786515, 13786527),
(201, 13700240, 13700300),
(201, 13715541, 13715614),
(201, 13731000, 13731117),
(201, 13732779, 13732882),
(201, 13742005, 13742157),
(201, 13749361, 13749487),
(201, 13816427, 13816570),
(201, 13823159, 13825065),
(202, 13715606, 13715614),
(202, 13731000, 13731117),
(202, 13732779, 13732882),
(202, 13742005, 13742157),
(202, 13749361, 13749487),
(202, 13816427, 13816570),
(202, 13823159, 13823184),
(203, 13749403, 13749487),
(203, 13773078, 13773188),
(203, 13778418, 13782831),
(203, 13786515, 13788079),
(204, 13749435, 13749487),
(204, 13769118, 13769173),
(204, 13773078, 13773188),
(204, 13816427, 13816570),
(204, 13823159, 13823499),
(205, 13749436, 13749487),
(205, 13773078, 13773188),
(205, 13816427, 13816570),
(205, 13823159, 13823419),
(206, 14692129, 14692407),
(206, 14692567, 14692613),
(207, 15191828, 15192441),
(207, 15192750, 15192845),
(208, 15491401, 15493035),
(208, 15493892, 15494001),
(208, 15495273, 15495452),
(208, 15504611, 15504758),
(208, 15505990, 15506079),
(208, 15506899, 15507075),
(208, 15507873, 15507907),
(208, 15518110, 15518395),
(208, 15524069, 15524215),
(209, 15492943, 15493035),
(209, 15493892, 15494001),
(209, 15495273, 15495452),
(209, 15504611, 15504758),
(209, 15505990, 15506079),
(209, 15506899, 15507075),
(209, 15507873, 15507907),
(209, 15518110, 15518395),
(209, 15524069, 15524200),
(210, 15492270, 15493035),
(210, 15493892, 15494001),
(210, 15495273, 15495452),
(210, 15518110, 15518395),
(210, 15524069, 15524347),
(211, 15492943, 15493035),
(211, 15493892, 15494001),
(211, 15495273, 15495452),
(211, 15518110, 15518395),
(211, 15524069, 15524200),
(212, 15492855, 15493035),
(212, 15493892, 15494001),
(212, 15495273, 15495452),
(212, 15504611, 15504758),
(212, 15505990, 15506079),
(212, 15506899, 15507075),
(212, 15507873, 15507907),
(212, 15518110, 15518395),
(212, 15524583, 15524726),
(213, 15492943, 15493035),
(213, 15493892, 15494001),
(213, 15495273, 15495452),
(213, 15504611, 15504758),
(213, 15505990, 15506079),
(213, 15506899, 15507075),
(213, 15507873, 15507907),
(213, 15518110, 15518278),
(214, 15490832, 15494001),
(214, 15495273, 15495452),
(214, 15504611, 15504758),
(214, 15505990, 15506079),
(214, 15506899, 15507075),
(214, 15507873, 15507907),
(214, 15518110, 15518395),
(214, 15524069, 15524445),
(215, 15659713, 15662033),
(216, 15659869, 15661722),
(217, 15740048, 15740222),
(217, 15749430, 15749896),
(218, 16057769, 16058717),
(218, 16059494, 16059604),
(218, 16059869, 16060051),
(218, 16062099, 16062192),
(218, 16062499, 16062534),
(218, 16063521, 16063636),
(218, 16073421, 16073651),
(219, 16058437, 16058717),
(219, 16059494, 16059604),
(219, 16059869, 16060051),
(219, 16062099, 16062192),
(219, 16062499, 16062534),
(219, 16063521, 16063636),
(219, 16073421, 16073442),
(220, 16197854, 16198744),
(220, 16199150, 16199254),
(220, 16201782, 16201861),
(220, 16202416, 16202574),
(220, 16204759, 16204919),
(220, 16205087, 16205176),
(220, 16205351, 16205425),
(220, 16205538, 16205667),
(220, 16205931, 16206083),
(220, 16206180, 16206340),
(220, 16206948, 16207210),
(220, 16207522, 16207598),
(220, 16207675, 16207777),
(220, 16207944, 16208225),
(220, 16208643, 16209083),
(220, 16212502, 16212652),
(221, 16198587, 16198744),
(221, 16199150, 16199254),
(221, 16201782, 16201861),
(221, 16202416, 16202574),
(221, 16204759, 16204919),
(221, 16205087, 16205176),
(221, 16205351, 16205425),
(221, 16205538, 16205667),
(221, 16205931, 16206083),
(221, 16206180, 16206340),
(221, 16206948, 16207210),
(221, 16207522, 16207598),
(221, 16207675, 16207777),
(221, 16207944, 16208225),
(221, 16208643, 16209054),
(222, 16246840, 16251785),
(222, 16252288, 16252404),
(222, 16253096, 16253152),
(222, 16253635, 16253731),
(222, 16255711, 16255821),
(222, 16256606, 16256759),
(222, 16294783, 16294917),
(222, 16305803, 16305919),
(222, 16315169, 16315435),
(222, 16352255, 16352480),
(223, 16250670, 16251785),
(223, 16252288, 16252404),
(223, 16253096, 16253152),
(223, 16253635, 16253731),
(223, 16255711, 16255821),
(223, 16256606, 16256759),
(223, 16294783, 16294917),
(223, 16305803, 16305919),
(223, 16315169, 16315418),
(224, 16460948, 16463287),
(224, 16467577, 16468481),
(225, 16666785, 16666948),
(226, 17189783, 17189930),
(226, 17192965, 17193165),
(226, 17193291, 17197617),
(227, 17189789, 17189930),
(227, 17192965, 17193165),
(227, 17195443, 17195601),
(227, 17196300, 17196387),
(228, 17308197, 17308314),
(228, 17330969, 17331149),
(228, 17333943, 17334009),
(228, 17336159, 17336226),
(228, 17338038, 17338155),
(228, 17339688, 17339813),
(228, 17341943, 17342121),
(228, 17342299, 17342402),
(228, 17346028, 17346139),
(228, 17347941, 17348048),
(228, 17354533, 17354687),
(228, 17355983, 17356127),
(228, 17356357, 17356459),
(228, 17358838, 17358908),
(228, 17359280, 17359408),
(228, 17363522, 17364004),
(229, 17308223, 17308314),
(229, 17330969, 17331149),
(229, 17333943, 17334009),
(229, 17336159, 17336226),
(229, 17338038, 17338155),
(229, 17339688, 17339813),
(229, 17341943, 17342121),
(229, 17342299, 17342402),
(229, 17346028, 17346139),
(229, 17347941, 17348048),
(229, 17354533, 17354687),
(229, 17355983, 17356127),
(229, 17356357, 17356459),
(229, 17358838, 17358908),
(229, 17359280, 17359408),
(229, 17363522, 17363755),
(230, 17308195, 17308314),
(230, 17330969, 17331149),
(230, 17333943, 17334009),
(230, 17334324, 17334796),
(231, 17717687, 17717744),
(231, 17718560, 17718720),
(231, 17721680, 17721768),
(231, 17749677, 17749978),
(232, 17717677, 17717744),
(232, 17718560, 17718791),
(232, 17721680, 17721768),
(232, 17722043, 17722353),
(233, 17717631, 17717744),
(233, 17718560, 17718720),
(233, 17721680, 17722347),
(234, 18897071, 18897148),
(235, 19216874, 19219482),
(235, 19219569, 19219698),
(235, 19220764, 19220848),
(235, 19222624, 19222834),
(235, 19223396, 19223569),
(235, 19227313, 19227450),
(235, 19230844, 19230963),
(235, 19231261, 19231422),
(235, 19232624, 19232773),
(235, 19232936, 19233135),
(235, 19235130, 19235252),
(235, 19237142, 19237238),
(235, 19238017, 19238139),
(235, 19238795, 19238854),
(235, 19239231, 19239302),
(235, 19239818, 19239985),
(235, 19240297, 19240446),
(235, 19241016, 19241142),
(235, 19242345, 19242473),
(235, 19243614, 19243707),
(235, 19243950, 19244015),
(235, 19244906, 19245030),
(235, 19251415, 19251509),
(236, 19219303, 19219482),
(236, 19219569, 19219698),
(236, 19220764, 19220848),
(236, 19222624, 19222834),
(236, 19223396, 19223569),
(236, 19227313, 19227450),
(236, 19230844, 19230963),
(236, 19231261, 19231422),
(236, 19232624, 19232773),
(236, 19232936, 19233135),
(236, 19235130, 19235252),
(236, 19237142, 19237238),
(236, 19238017, 19238139),
(236, 19238795, 19238854),
(236, 19239231, 19239302),
(236, 19239818, 19239985),
(236, 19240297, 19240446),
(236, 19241016, 19241142),
(236, 19242345, 19242473),
(236, 19243614, 19243707),
(236, 19243950, 19244015),
(236, 19244906, 19245030),
(236, 19251415, 19251509),
(237, 19218148, 19219482),
(237, 19219569, 19219698),
(237, 19220764, 19220848),
(237, 19222624, 19222834),
(237, 19223396, 19223569),
(237, 19227313, 19227450),
(237, 19230844, 19230963),
(237, 19231261, 19231422),
(237, 19232624, 19232773),
(237, 19232936, 19233135),
(237, 19235130, 19235252),
(237, 19237142, 19237238),
(237, 19238017, 19238139),
(237, 19238795, 19238857),
(237, 19239231, 19239302),
(237, 19239818, 19239985),
(237, 19240297, 19240446),
(237, 19241016, 19241142),
(237, 19242345, 19242473),
(237, 19243614, 19243707),
(237, 19244906, 19245030),
(237, 19251415, 19251522),
(238, 19219303, 19219482),
(238, 19219569, 19219698),
(238, 19220764, 19220848),
(238, 19222624, 19222834),
(238, 19223396, 19223569),
(238, 19227313, 19227450),
(238, 19230844, 19230963),
(238, 19231261, 19231422),
(238, 19232624, 19232773),
(238, 19232936, 19233135),
(238, 19235130, 19235252),
(238, 19237142, 19237238),
(238, 19238017, 19238139),
(238, 19238795, 19238857),
(238, 19239231, 19239302),
(238, 19239818, 19239985),
(238, 19240297, 19240446),
(238, 19241016, 19241142),
(238, 19242345, 19242473),
(238, 19243614, 19243707),
(238, 19244906, 19245030),
(238, 19251415, 19251509),
(239, 19215660, 19219482),
(239, 19219569, 19219698),
(239, 19220764, 19220848),
(239, 19222624, 19222834),
(239, 19223396, 19223569),
(239, 19227313, 19227450),
(239, 19230844, 19230963),
(239, 19231261, 19231422),
(239, 19232624, 19232773),
(239, 19232936, 19233135),
(239, 19235130, 19235252),
(239, 19237142, 19237238),
(239, 19238017, 19238139),
(239, 19238795, 19238857),
(239, 19239231, 19239302),
(239, 19239818, 19239985),
(239, 19240297, 19240446),
(239, 19241016, 19241142),
(239, 19242345, 19242473),
(239, 19243614, 19243707),
(239, 19243950, 19244015),
(239, 19244906, 19245030),
(239, 19251415, 19251524),
(240, 19219303, 19219482),
(240, 19219569, 19219698),
(240, 19220764, 19220848),
(240, 19222624, 19222834),
(240, 19223396, 19223569),
(240, 19227313, 19227450),
(240, 19230844, 19230963),
(240, 19231261, 19231422),
(240, 19232624, 19232773),
(240, 19232936, 19233135),
(240, 19235130, 19235252),
(240, 19237142, 19237238),
(240, 19238017, 19238139),
(240, 19238795, 19238857),
(240, 19239231, 19239302),
(240, 19239818, 19239985),
(240, 19240297, 19240446),
(240, 19241016, 19241142),
(240, 19242345, 19242473),
(240, 19243614, 19243707),
(240, 19243950, 19244015),
(240, 19244906, 19245030),
(240, 19251415, 19251509),
(241, 19219303, 19219482),
(241, 19219569, 19219698),
(241, 19220764, 19220848),
(241, 19222624, 19222834),
(241, 19223396, 19223569),
(241, 19227313, 19227450),
(241, 19230844, 19230963),
(241, 19231261, 19231422),
(241, 19232624, 19232773),
(241, 19232936, 19233135),
(241, 19234180, 19234188),
(241, 19235130, 19235252),
(241, 19237142, 19237238),
(241, 19238017, 19238139),
(241, 19238795, 19238857),
(241, 19239231, 19239302),
(241, 19239818, 19239985),
(241, 19240297, 19240446),
(241, 19241016, 19241142),
(241, 19242345, 19242473),
(241, 19243614, 19243707),
(241, 19243950, 19244015),
(241, 19244906, 19245030),
(241, 19251415, 19251509),
(242, 19215660, 19219482),
(242, 19219569, 19219698),
(242, 19220764, 19220848),
(242, 19222624, 19222834),
(242, 19223396, 19223569),
(242, 19227313, 19227450),
(242, 19230844, 19230963),
(242, 19231261, 19231422),
(242, 19232624, 19232773),
(242, 19232936, 19233135),
(242, 19237142, 19237238),
(242, 19238017, 19238139),
(242, 19238795, 19238857),
(242, 19239231, 19239302),
(242, 19239818, 19239985),
(242, 19240297, 19240446),
(242, 19241016, 19241142),
(242, 19242345, 19242473),
(242, 19243614, 19243707),
(242, 19243950, 19244015),
(242, 19244906, 19245030),
(242, 19251415, 19251524),
(243, 19215660, 19219482),
(243, 19219569, 19219698),
(243, 19220764, 19220848),
(243, 19222624, 19222834),
(243, 19223396, 19223569),
(243, 19227313, 19227450),
(243, 19230844, 19230963),
(243, 19232624, 19232773),
(243, 19232936, 19233135),
(243, 19235130, 19235252),
(243, 19237142, 19237238),
(243, 19238017, 19238139),
(243, 19238795, 19238857),
(243, 19239231, 19239302),
(243, 19239818, 19239985),
(243, 19240297, 19240446),
(243, 19241016, 19241142),
(243, 19242345, 19242473),
(243, 19243614, 19243707),
(243, 19243950, 19244015),
(243, 19244906, 19245030),
(243, 19251415, 19251524),
(244, 19216805, 19219482),
(244, 19219569, 19219698),
(244, 19220764, 19220848),
(244, 19222624, 19222834),
(244, 19223396, 19223569),
(244, 19227313, 19227450),
(244, 19230844, 19230963),
(244, 19231261, 19231422),
(244, 19232624, 19232773),
(244, 19232936, 19233135),
(244, 19235130, 19235252),
(244, 19237142, 19237238),
(244, 19238017, 19238139),
(244, 19238795, 19238857),
(244, 19239231, 19239302),
(244, 19239818, 19239985),
(244, 19240297, 19240446),
(244, 19241016, 19241136),
(244, 19242345, 19242473),
(244, 19243614, 19243707),
(244, 19243950, 19244015),
(244, 19244906, 19245030),
(244, 19251415, 19251523),
(245, 19424384, 19424671),
(246, 19597067, 19597109),
(246, 19622100, 19622147),
(246, 19623474, 19623583),
(246, 19626387, 19626476),
(246, 19634437, 19634524),
(246, 19640346, 19640469),
(246, 19640584, 19640729),
(246, 19655012, 19655200),
(246, 19655324, 19655435),
(246, 19656866, 19656914),
(247, 20070194, 20070465),
(247, 20084821, 20084870),
(247, 20086083, 20086227),
(247, 20089789, 20089895),
(247, 20090568, 20091911),
(248, 20084831, 20084870),
(248, 20086083, 20086227);
